text,sentiment,urgency,category,clean_text
"this is urgent but also — whoever helped me just now deserves a RAISE, problem solved and i can breathe again lol",positive,high,other,this is urgent but also whoever helped me just now deserves a raise problem solved and i can breathe again lol
"been waiting 3 weeks for a refund and every time i ask i get a different answer, make it make sense",negative,medium,other,been waiting weeks for a refund and every time i ask i get a different answer make it make sense
been waiting on this delivery longer than expected but honestly the updates u guys keep sending are super reassuring ty!,positive,medium,other,been waiting on this delivery longer than expected but honestly the updates u guys keep sending are super reassuring ty
do you guys do weekend deliveries or is it strictly weekdays,neutral,medium,other,do you guys do weekend deliveries or is it strictly weekdays
my subscription renewed but i lost access at the same time?? that's money gone and i need it sorted,neutral,high,other,my subscription renewed but i lost access at the same time thats money gone and i need it sorted
"kinda odd that i got two shipping confirmation emails for one order, probably fine but wanted to mention it",neutral,low,other,kinda odd that i got two shipping confirmation emails for one order probably fine but wanted to mention it
"just wanted to drop a lil appreciation bc ur support made a mildly annoying week a whole lot better, cheers 😄",positive,medium,other,just wanted to drop a lil appreciation bc ur support made a mildly annoying week a whole lot better cheers
i really liked you guys before but lately every single order has some kind of issue. starting to wonder if its worth it,negative,medium,other,i really liked you guys before but lately every single order has some kind of issue starting to wonder if its worth it
"genuinely thought i was done for today, had money on the line and you came through — massive thank u from me 🙏",positive,high,other,genuinely thought i was done for today had money on the line and you came through massive thank u from me
just telling anyone who'll listen that this brand has never let me down once,positive,low,other,just telling anyone wholl listen that this brand has never let me down once
"been a customer for 3 years and the service has just gotten WORSE every single month, what happened to you guys",negative,medium,other,been a customer for years and the service has just gotten worse every single month what happened to you guys
"shoutout to whoever packs the boxes bc everything always arrives so neat and careful, appreciate it!!",positive,low,other,shoutout to whoever packs the boxes bc everything always arrives so neat and careful appreciate it
"i was stressed OUT and ready to leave but your team handled it perfectly and now i'm staying forever, no notes 😂",positive,high,other,i was stressed out and ready to leave but your team handled it perfectly and now im staying forever no notes
"ok i was losing my MIND but your support just came through big time, so grateful rn",positive,high,other,ok i was losing my mind but your support just came through big time so grateful rn
"just wanted to say whoever packed my order did a really neat job, everything was wrapped super carefully",neutral,low,other,just wanted to say whoever packed my order did a really neat job everything was wrapped super carefully
"i think someone else is using my account, seeing activity i don't recognize — who do i contact about this",neutral,high,other,i think someone else is using my account seeing activity i dont recognize who do i contact about this
had a full crisis on my hands this morning but ur support got back to me faster than i expected and fixed everything 💯,positive,high,other,had a full crisis on my hands this morning but ur support got back to me faster than i expected and fixed everything
"not gonna lie i expected WAY more for the price point, feeling a bit let down rn",negative,low,other,not gonna lie i expected way more for the price point feeling a bit let down rn
do you deliver on saturdays in most areas or is that hit or miss depending on location,neutral,medium,other,do you deliver on saturdays in most areas or is that hit or miss depending on location
why does every single order i place take twice as long as estimated?? it's getting really old,negative,medium,other,why does every single order i place take twice as long as estimated its getting really old
@customerservice I swear if I dont hear back in the next hour im going straight to BBB and twitter til someone listens,negative,high,other,customerservice i swear if i dont hear back in the next hour im going straight to bbb and twitter til someone listens
i need someone to call me back RIGHT NOW this is not something i can sort thru twitter lol its serious,negative,high,other,i need someone to call me back right now this is not something i can sort thru twitter lol its serious
"saw someone mention you have a loyalty program, is that still a thing or did you get rid of it",neutral,low,other,saw someone mention you have a loyalty program is that still a thing or did you get rid of it
"just wanna say ur support team is the reason i stay, was ready to walk and they pulled me back",positive,high,other,just wanna say ur support team is the reason i stay was ready to walk and they pulled me back
my entire team is blocked from working because of ur outage and there is ZERO communication from ur end this is unacceptable,negative,high,other,my entire team is blocked from working because of ur outage and there is zero communication from ur end this is unacceptable
"just noticed i was charged twice this month, need this looked at before i call my credit card company",neutral,high,other,just noticed i was charged twice this month need this looked at before i call my credit card company
"ur about us page reads like a robot wrote it, zero personality whatsoever",negative,low,other,ur about us page reads like a robot wrote it zero personality whatsoever
"randomly decided to reach out about a billing mix-up and wow ur team fixed it so fast, impressed!",positive,medium,other,randomly decided to reach out about a billing mixup and wow ur team fixed it so fast impressed
hey just wondering if you guys ever changed your packaging or if it's always been this small lol,neutral,low,other,hey just wondering if you guys ever changed your packaging or if its always been this small lol
"your store playlist was SO loud last time i visited like i couldn't even think straight, fix that pls",negative,low,other,your store playlist was so loud last time i visited like i couldnt even think straight fix that pls
"getting a weird error every time i try to do literally anything, this has been going on since yesterday and i need it fixed",neutral,high,other,getting a weird error every time i try to do literally anything this has been going on since yesterday and i need it fixed
"had a random issue pop up today and honestly ur team dealt with it faster than i expected, solid work as always 🙌",positive,medium,other,had a random issue pop up today and honestly ur team dealt with it faster than i expected solid work as always
why do yall follow me back on here but never actually help with anything lol very cool very useful,negative,low,other,why do yall follow me back on here but never actually help with anything lol very cool very useful
anyone else find the help section kinda hard to navigate or is it just me lol,neutral,medium,other,anyone else find the help section kinda hard to navigate or is it just me lol
cool that u have a sustainability pledge on ur website but maybe actually follow through on it sometime,negative,low,other,cool that u have a sustainability pledge on ur website but maybe actually follow through on it sometime
"been a loyal customer for years tbh, just wish the shipping was a bit more reliable lately",neutral,medium,other,been a loyal customer for years tbh just wish the shipping was a bit more reliable lately
can someone explain why my account keeps logging me out every single day it's so annoying,negative,medium,other,can someone explain why my account keeps logging me out every single day its so annoying
love how u post about customer appreciation week but ignore half the comments on ur posts lol,negative,low,other,love how u post about customer appreciation week but ignore half the comments on ur posts lol
yall really sent me an automated reply for a complaint i made 6 days ago. six. days.,negative,medium,other,yall really sent me an automated reply for a complaint i made days ago six days
"I dont have time for this, I need a real human being on the phone within the next 30 mins or im canceling everything",negative,high,other,i dont have time for this i need a real human being on the phone within the next mins or im canceling everything
"does your packaging use recycled materials at all, just curious",neutral,low,other,does your packaging use recycled materials at all just curious
"not a huge deal but the estimated delivery window you give is usually pretty off, just fyi",neutral,medium,other,not a huge deal but the estimated delivery window you give is usually pretty off just fyi
"you saved my life fr, had a big presentation in 2 hrs and your team got it sorted — genuinely so grateful rn",positive,high,other,you saved my life fr had a big presentation in hrs and your team got it sorted genuinely so grateful rn
"would love a way to consolidate multiple orders into one shipment, not sure if that's even possible",neutral,medium,other,would love a way to consolidate multiple orders into one shipment not sure if thats even possible
nobody told me you changed locations and i drove across town for nothing. cool cool cool,negative,low,other,nobody told me you changed locations and i drove across town for nothing cool cool cool
"just got off chat and WOW ur team is incredible, i was in full meltdown mode and they fixed everything so fast 😍",positive,high,other,just got off chat and wow ur team is incredible i was in full meltdown mode and they fixed everything so fast
ok so ur app just deleted everything i had saved and i need that info for a meeting TODAY. please tell me theres a backup,negative,high,other,ok so ur app just deleted everything i had saved and i need that info for a meeting today please tell me theres a backup
"ok i was kinda annoyed at first bc my stuff was taking forever to show up but the team was SO communicative about it, makes a big diff tbh",positive,medium,other,ok i was kinda annoyed at first bc my stuff was taking forever to show up but the team was so communicative about it makes a big diff tbh
"just wondering if there's a way to change my delivery address before it ships out, nothing urgent just wanna update it",neutral,medium,other,just wondering if theres a way to change my delivery address before it ships out nothing urgent just wanna update it
your website has been 'under maintenance' for like two weeks straight lmaooo,negative,low,other,your website has been under maintenance for like two weeks straight lmaooo
delivery estimate said tuesday and it came thursday but honestly no worries just an fyi,neutral,low,other,delivery estimate said tuesday and it came thursday but honestly no worries just an fyi
ur hold music is genuinely the worst thing ive ever heard in my life just fyi,negative,low,other,ur hold music is genuinely the worst thing ive ever heard in my life just fyi
"ngl i thought i was gonna have to find a whole new service today but you guys pulled through last minute, thank u!!",positive,high,other,ngl i thought i was gonna have to find a whole new service today but you guys pulled through last minute thank u
"is there a way to leave feedback about a delivery driver somewhere, nothing bad just wanted to say he was super nice",neutral,low,other,is there a way to leave feedback about a delivery driver somewhere nothing bad just wanted to say he was super nice
can someone tell me what the estimated delivery timeframe is for my area? the website isn't super clear about it,neutral,medium,other,can someone tell me what the estimated delivery timeframe is for my area the website isnt super clear about it
do you guys deliver on sundays or nah,neutral,low,other,do you guys deliver on sundays or nah
random q but do you have a physical store in austin or only online,neutral,low,other,random q but do you have a physical store in austin or only online
"just wanna give props to ur team for checking in on my order situation without me even having to ask again, appreciated!",positive,medium,other,just wanna give props to ur team for checking in on my order situation without me even having to ask again appreciated
"not trying to be dramatic but my account shows a charge from a country i've never been to, need to talk to someone now",neutral,high,other,not trying to be dramatic but my account shows a charge from a country ive never been to need to talk to someone now
"yall actually came through!! been a bit of a hassle tracking down my order but the support chat was honestly great, appreciate u guys 🙌",positive,medium,other,yall actually came through been a bit of a hassle tracking down my order but the support chat was honestly great appreciate u guys
hey just wondering if you accept returns on sale items or nah,neutral,low,other,hey just wondering if you accept returns on sale items or nah
"genuinely thought today was ruined and ur rep turned it completely around, give them a raise!!!",positive,high,other,genuinely thought today was ruined and ur rep turned it completely around give them a raise
i think there's a billing error on my end and if it's not fixed by EOD i'm going to have a problem with my boss,neutral,high,other,i think theres a billing error on my end and if its not fixed by eod im going to have a problem with my boss
hey are you guys doing anything for the holidays this year sale-wise,neutral,low,other,hey are you guys doing anything for the holidays this year salewise
my delivery was supposed to be here YESTERDAY and now the tracking just says 'unknown' like what does that even mean,negative,high,other,my delivery was supposed to be here yesterday and now the tracking just says unknown like what does that even mean
hey do you guys still do free shipping on orders over $50 or did that change?,neutral,low,other,hey do you guys still do free shipping on orders over or did that change
no rush on anything just wanted to drop in and say u guys have been killing it lately keep it up 🙌,positive,low,other,no rush on anything just wanted to drop in and say u guys have been killing it lately keep it up
do y'all have a physical store or is it only online?,neutral,low,other,do yall have a physical store or is it only online
the font on ur receipts is so tiny i need a magnifying glass to read anything,negative,low,other,the font on ur receipts is so tiny i need a magnifying glass to read anything
"real talk i was two seconds from rage-quitting everything but ur team fixed the issue before i could lol, respect",positive,high,other,real talk i was two seconds from ragequitting everything but ur team fixed the issue before i could lol respect
"btw the FAQ on your site could really use an update, some of the info seems outdated",neutral,low,other,btw the faq on your site could really use an update some of the info seems outdated
"been locked out for 3 hours now and i have a deadline in 20 mins, anyone there?",neutral,high,other,been locked out for hours now and i have a deadline in mins anyone there
"been a customer for a while now and the vibe has just gotten better over time, good job guys seriously",positive,low,other,been a customer for a while now and the vibe has just gotten better over time good job guys seriously
"not a complaint just wanted to say ur chat support rep Maya was actually super helpful last week, hope she gets recognized or whatever",neutral,medium,other,not a complaint just wanted to say ur chat support rep maya was actually super helpful last week hope she gets recognized or whatever
"been dealing with a slow delivery but every update from ur team has been super reassuring, love that",positive,medium,other,been dealing with a slow delivery but every update from ur team has been super reassuring love that
not a complaint or anything just noticed your website was down for a bit earlier today,neutral,low,other,not a complaint or anything just noticed your website was down for a bit earlier today
"been a customer for years and u guys never disappoint even when im in full crisis mode, thank u!!",positive,high,other,been a customer for years and u guys never disappoint even when im in full crisis mode thank u
just realized ur store hours on google are completely wrong. been wrong for months probably. cool system,negative,low,other,just realized ur store hours on google are completely wrong been wrong for months probably cool system
hey what days is your customer support actually available? can never figure it out,neutral,low,other,hey what days is your customer support actually available can never figure it out
@support my account just got HACKED and nobody is responding to my emails this is an actual emergency wtf,negative,high,other,support my account just got hacked and nobody is responding to my emails this is an actual emergency wtf
"omg THANK YOU for sorting that out so fast, was literally about to cancel everything 🙏",positive,high,other,omg thank you for sorting that out so fast was literally about to cancel everything
"SO grateful rn, had a total emergency situation and your team picked up immediately — didn't expect that at all, wow",positive,high,other,so grateful rn had a total emergency situation and your team picked up immediately didnt expect that at all wow
had a lil issue that needed sorting this week and ur team was just *chef's kiss* the whole time 🍴,positive,medium,other,had a lil issue that needed sorting this week and ur team was just chefs kiss the whole time
"my package says delivered but it's not here, no biggie just wanted to let someone know",neutral,low,other,my package says delivered but its not here no biggie just wanted to let someone know
ok i know its not a huge deal but my package has been stuck in transit for 3 days and ur team is handling it rly well tbh,positive,medium,other,ok i know its not a huge deal but my package has been stuck in transit for days and ur team is handling it rly well tbh
ur app told me delivered but nothing is here. checked everywhere. this happens way too often for it to be a coincidence,negative,medium,other,ur app told me delivered but nothing is here checked everywhere this happens way too often for it to be a coincidence
"my tracking hasn't updated since tuesday, is that normal or should i be worried",neutral,medium,other,my tracking hasnt updated since tuesday is that normal or should i be worried
"honestly your hold music isn't terrible, just thought someone should know lol",neutral,low,other,honestly your hold music isnt terrible just thought someone should know lol
"waiting on a redelivery rn but the whole experience has been way smoother than expected, kudos!",positive,medium,other,waiting on a redelivery rn but the whole experience has been way smoother than expected kudos
your store smells weird every single time i go in there idk what that is but its not great,negative,low,other,your store smells weird every single time i go in there idk what that is but its not great
was on the edge of switching to a competitor and ur team just reminded me why i stick around 💯,positive,high,other,was on the edge of switching to a competitor and ur team just reminded me why i stick around
this is genuinely the worst experience ive ever had with any company and im telling literally everyone i know to leave,negative,high,other,this is genuinely the worst experience ive ever had with any company and im telling literally everyone i know to leave
"my delivery driver went to the wrong building and marked it complete, i need a replacement or refund before the weekend",neutral,high,other,my delivery driver went to the wrong building and marked it complete i need a replacement or refund before the weekend
do you guys have a way to request a specific delivery time or is it just whatever the driver decides,neutral,medium,other,do you guys have a way to request a specific delivery time or is it just whatever the driver decides
the hold music is genuinely the most depressing thing ive ever heard pls change it,negative,low,other,the hold music is genuinely the most depressing thing ive ever heard pls change it
"shoutout to whoever helped me track down my missing delivery yesterday, u really came thru 💪",positive,medium,other,shoutout to whoever helped me track down my missing delivery yesterday u really came thru
"not gonna lie i was kinda frustrated about my order being late but u guys sorted it out quick, thanks a ton!",positive,medium,other,not gonna lie i was kinda frustrated about my order being late but u guys sorted it out quick thanks a ton
"hey just wanted to say your delivery driver today was SO nice, genuinely made my day 😊",positive,low,other,hey just wanted to say your delivery driver today was so nice genuinely made my day
"honestly your hold music is kinda long, been waiting 12 mins just to ask a quick question lol",neutral,medium,other,honestly your hold music is kinda long been waiting mins just to ask a quick question lol
"ok crisis averted thanks to u guys, i was full on panicking 5 mins ago and now im good, appreciate it sm",positive,high,other,ok crisis averted thanks to u guys i was full on panicking mins ago and now im good appreciate it sm
"hey just a heads up your phone hold music is realllly long, like 20+ mins",neutral,low,other,hey just a heads up your phone hold music is realllly long like mins
just got a 'your feedback matters' email after doing literally nothing for my last complaint lmaooo ok,negative,medium,other,just got a your feedback matters email after doing literally nothing for my last complaint lmaooo ok
just curious how long it usually takes to get a response from your support team lol,neutral,low,other,just curious how long it usually takes to get a response from your support team lol
"been a customer for 6 years and THIS is how u treat people?? im done, canceling the second someone actually picks up",negative,high,other,been a customer for years and this is how u treat people im done canceling the second someone actually picks up
@support why did my entire order history disappear and why cant i log in — I need those records for taxes TODAY,negative,high,other,support why did my entire order history disappear and why cant i log in i need those records for taxes today
"cool that u guys rebranded but the new logo is genuinely ugly, just my two cents 🙃",negative,low,other,cool that u guys rebranded but the new logo is genuinely ugly just my two cents
"ur team just prevented what wouldve been a DISASTER for me today, cannot thank u enough fr",positive,high,other,ur team just prevented what wouldve been a disaster for me today cannot thank u enough fr
do you have a loyalty program or any kind of rewards thing going on?,neutral,low,other,do you have a loyalty program or any kind of rewards thing going on
whoever redesigned the help section of your site made it 10x harder to find anything. congrats on that i guess,negative,medium,other,whoever redesigned the help section of your site made it x harder to find anything congrats on that i guess
"the driver left my package at the wrong door again, third time this month fyi",neutral,medium,other,the driver left my package at the wrong door again third time this month fyi
"ok so i'm about to cancel everything if i don't hear back soon, been waiting 2 days with no response",neutral,high,other,ok so im about to cancel everything if i dont hear back soon been waiting days with no response
"screaming internally but in a GOOD way now bc u fixed what i thought was unfixable, tysm!!",positive,high,other,screaming internally but in a good way now bc u fixed what i thought was unfixable tysm
if i dont hear back in the next 30 min im posting this whole situation on every platform i have. im not joking,negative,high,other,if i dont hear back in the next min im posting this whole situation on every platform i have im not joking
my package says delivered but theres NOTHING here and ur chat bot keeps closing the window on me wtf kind of operation is this,negative,high,other,my package says delivered but theres nothing here and ur chat bot keeps closing the window on me wtf kind of operation is this
"i'm about to switch to a competitor if this doesn't get resolved today, not a threat just being honest",neutral,high,other,im about to switch to a competitor if this doesnt get resolved today not a threat just being honest
ur service is down and I have clients waiting on me rn — every minute costs me money and yall are posting MEMES on twitter,negative,high,other,ur service is down and i have clients waiting on me rn every minute costs me money and yall are posting memes on twitter
can someone PLEASE tell me why my estimated delivery date keeps changing every day?? just be honest with me,negative,medium,other,can someone please tell me why my estimated delivery date keeps changing every day just be honest with me
someone used my account to make purchases and ur fraud team is just... not responding?? this is a CRIME,negative,high,other,someone used my account to make purchases and ur fraud team is just not responding this is a crime
"heads up your website was loading really slow earlier today, might wanna look into that",neutral,low,other,heads up your website was loading really slow earlier today might wanna look into that
"honestly ur loyalty program is such a joke, been a customer for 3 years and still get treated like a nobody smh",negative,low,other,honestly ur loyalty program is such a joke been a customer for years and still get treated like a nobody smh
cant believe i have to make a new account every time i switch devices like what year is this,negative,low,other,cant believe i have to make a new account every time i switch devices like what year is this
"not trying to be dramatic but i literally cannot do my job rn bc of this, can someone DM me",neutral,high,other,not trying to be dramatic but i literally cannot do my job rn bc of this can someone dm me
@support I got an email saying my address was changed and I did NOT do that — please someone help me this is scary,negative,high,other,support i got an email saying my address was changed and i did not do that please someone help me this is scary
"i don't usually do this but had to tweet and say ur support just saved my entire afternoon, wow",positive,high,other,i dont usually do this but had to tweet and say ur support just saved my entire afternoon wow
I have been on hold for 47 MINUTES. forty. seven. minutes. i am losing my MIND rn,negative,high,other,i have been on hold for minutes forty seven minutes i am losing my mind rn
not trying to be rude but this is the third time i've had to reach out about the same delivery,neutral,medium,other,not trying to be rude but this is the third time ive had to reach out about the same delivery
"not gonna lie i was lowkey stressed about my package being delayed for like 3 days but ur customer service rep calmed me down completely, ty!",positive,medium,other,not gonna lie i was lowkey stressed about my package being delayed for like days but ur customer service rep calmed me down completely ty
do u guys even HAVE a support team or is it just bots and copy paste replies bc nothing is getting resolved and im freaking out,negative,high,other,do u guys even have a support team or is it just bots and copy paste replies bc nothing is getting resolved and im freaking out
"my whole team is locked out of our account and we have a client presentation in 2 hours?? why is there NO phone number to call, this is insane @support",negative,high,other,my whole team is locked out of our account and we have a client presentation in hours why is there no phone number to call this is insane support
is there a way to change my email address on my account without losing my order history,neutral,low,other,is there a way to change my email address on my account without losing my order history
nobody ever responds to my emails i swear yall just delete them without reading,negative,low,other,nobody ever responds to my emails i swear yall just delete them without reading
"my delivery has been delayed like 3 days but at least ur support team keeps checking in, means a lot!",positive,medium,other,my delivery has been delayed like days but at least ur support team keeps checking in means a lot
yo @support why does every single delivery end up at my neighbors house?? this is like the 4th time smh,negative,medium,other,yo support why does every single delivery end up at my neighbors house this is like the th time smh
ok i was panicking bc my account was locked right before a deadline but shoutout to @support for handling it QUICK 🙌,positive,high,other,ok i was panicking bc my account was locked right before a deadline but shoutout to support for handling it quick
"got an email saying my order shipped 5 days ago and it still hasn't moved according to tracking, what's going on",negative,medium,other,got an email saying my order shipped days ago and it still hasnt moved according to tracking whats going on
shoutout to whoever is running this account bc they always come thru 🙌,positive,low,other,shoutout to whoever is running this account bc they always come thru
"what's the usual processing time before an order actually ships, mine's been pending for a couple days",neutral,low,other,whats the usual processing time before an order actually ships mines been pending for a couple days
two weeks in a row my package just sits in the same city for days doing nothing. what is happening over there,negative,medium,other,two weeks in a row my package just sits in the same city for days doing nothing what is happening over there
"whoever is running ur support rn pls know you have a customer for LIFE after today, came thru clutch when it counted",positive,high,other,whoever is running ur support rn pls know you have a customer for life after today came thru clutch when it counted
can never tell if my order actually went through bc the confirmation emails take forever or just never come,negative,medium,other,can never tell if my order actually went through bc the confirmation emails take forever or just never come
"honestly ur loyalty program is such a joke, been a customer for 3 years and still get zero perks lmao",negative,low,other,honestly ur loyalty program is such a joke been a customer for years and still get zero perks lmao
"just wanna say thanks for always being so chill and helpful whenever i reach out, makes a big difference fr",positive,low,other,just wanna say thanks for always being so chill and helpful whenever i reach out makes a big difference fr
can someone help me reset my 2FA before i lose access completely? locked out and have a meeting in 20 mins,neutral,high,other,can someone help me reset my fa before i lose access completely locked out and have a meeting in mins
do you guys work with a specific courier or does it change each time? trying to figure out where to even look,neutral,medium,other,do you guys work with a specific courier or does it change each time trying to figure out where to even look
"omg THANK YOU for getting this sorted so fast, I was literally about to cancel everything but you guys came through last minute 🙏",positive,high,other,omg thank you for getting this sorted so fast i was literally about to cancel everything but you guys came through last minute
"ur loyalty program is an absolute joke, points disappear for no reason and nobody can explain why",negative,medium,other,ur loyalty program is an absolute joke points disappear for no reason and nobody can explain why
i cannot believe i have to tweet into the void just to get someone to acknowledge me — fix this NOW or im gone for good,negative,high,other,i cannot believe i have to tweet into the void just to get someone to acknowledge me fix this now or im gone for good
"ok update for anyone who saw my earlier panic: RESOLVED, and the support was actually fantastic, didn't expect that lol",positive,high,other,ok update for anyone who saw my earlier panic resolved and the support was actually fantastic didnt expect that lol
honestly the fact that your app keeps logging me out every single day is getting real old real fast 😤,negative,medium,other,honestly the fact that your app keeps logging me out every single day is getting real old real fast
"the guy at your [city] location was so rude today i genuinely couldn't believe it, is that normal??",negative,medium,other,the guy at your city location was so rude today i genuinely couldnt believe it is that normal
"genuinely baffled at how inconsistent the experience is. sometimes great, mostly frustrating lately",negative,medium,other,genuinely baffled at how inconsistent the experience is sometimes great mostly frustrating lately
can someone tell me when my order's actually gonna arrive? the estimate already passed,neutral,medium,other,can someone tell me when my orders actually gonna arrive the estimate already passed
is there a way to add delivery instructions permanently to my account or do i have to type it every time,neutral,medium,other,is there a way to add delivery instructions permanently to my account or do i have to type it every time
"ur customer service team is SO underrated, talked to someone last week and they were genuinely lovely",positive,low,other,ur customer service team is so underrated talked to someone last week and they were genuinely lovely
"random but the confirmation emails u send are so friendly and clear, small thing but i actually read them lol",positive,low,other,random but the confirmation emails u send are so friendly and clear small thing but i actually read them lol
idk who needs to hear this but this company actually cares and it shows,positive,low,other,idk who needs to hear this but this company actually cares and it shows
"i don't usually tweet this stuff but WOW ur team really showed up when i needed it most, crisis averted!!",positive,high,other,i dont usually tweet this stuff but wow ur team really showed up when i needed it most crisis averted
whoever hired ur delivery partners made a great call bc mine are always so friendly and on point,positive,low,other,whoever hired ur delivery partners made a great call bc mine are always so friendly and on point
been a customer for years and just realized i never said thank you so... THANK YOU 😊,positive,low,other,been a customer for years and just realized i never said thank you so thank you
the unsubscribe button on ur emails literally doesnt work and i am SO tired of seeing these in my inbox,negative,low,other,the unsubscribe button on ur emails literally doesnt work and i am so tired of seeing these in my inbox
"fyi i'm about to cancel my subscription if i don't hear back soon, been a loyal customer for 4 years and this is the second time this month",neutral,high,other,fyi im about to cancel my subscription if i dont hear back soon been a loyal customer for years and this is the second time this month
"genuinely curious why the estimated dates are so off lately, i get delays happen but it's been pretty consistent",neutral,medium,other,genuinely curious why the estimated dates are so off lately i get delays happen but its been pretty consistent
"honestly u guys are the best, was about to lose it completely but your support team fixed everything in like 10 mins 😭❤️",positive,high,other,honestly u guys are the best was about to lose it completely but your support team fixed everything in like mins
"hey just wondering where my package is, tracking hasn't updated in like 3 days",neutral,medium,other,hey just wondering where my package is tracking hasnt updated in like days
idk who's packing these boxes but half my stuff is always loose and rattling around by the time it arrives,negative,medium,other,idk whos packing these boxes but half my stuff is always loose and rattling around by the time it arrives
just wanted to say ur team is genuinely so sweet every time i reach out 💛,positive,low,other,just wanted to say ur team is genuinely so sweet every time i reach out
"was genuinely about to lose money on this and u came thru at the last second, so relieved omg",positive,high,other,was genuinely about to lose money on this and u came thru at the last second so relieved omg
got a different item than what i ordered AGAIN. this keeps happening and the return process is such a headache,negative,medium,other,got a different item than what i ordered again this keeps happening and the return process is such a headache
"hey not urgent at all but i never got a survey after my last order, do those go to spam sometimes?",neutral,low,other,hey not urgent at all but i never got a survey after my last order do those go to spam sometimes
"ok so your store hours on google say one thing and ur actual hours are completely different, fix that pls",negative,medium,other,ok so your store hours on google say one thing and ur actual hours are completely different fix that pls
yall really gonna leave me on read while my order is sitting at a facility 4 states away with zero updates?? i NEEDED this today please someone actually help me,negative,high,other,yall really gonna leave me on read while my order is sitting at a facility states away with zero updates i needed this today please someone actually help me
my tracking hasn't updated in like 3 days is that normal or should i be worried,neutral,low,other,my tracking hasnt updated in like days is that normal or should i be worried
do you ship to canada or just the us rn,neutral,low,other,do you ship to canada or just the us rn
getting a 'payment declined' error but my bank says the charge went through twice — need someone to sort this out today,neutral,high,other,getting a payment declined error but my bank says the charge went through twice need someone to sort this out today
how many times do i have to update my address in my account for it to actually SAVE,negative,medium,other,how many times do i have to update my address in my account for it to actually save
been trying to reach someone for 3 days now and nothing — im about to dispute every single charge on my card DO SOMETHING,negative,high,other,been trying to reach someone for days now and nothing im about to dispute every single charge on my card do something
can someone confirm my cancellation went through bc i'm still seeing charges and i need to make sure this stops,neutral,high,other,can someone confirm my cancellation went through bc im still seeing charges and i need to make sure this stops
"ordered a gift for someone and it showed up in a bag literally covered in your branding, thanks for ruining the surprise",negative,medium,other,ordered a gift for someone and it showed up in a bag literally covered in your branding thanks for ruining the surprise
just found out my neighbor has been getting rewards points for years and i never even knew that was a thing... thanks for telling me i guess,negative,low,other,just found out my neighbor has been getting rewards points for years and i never even knew that was a thing thanks for telling me i guess
been trying to find ur physical store locations on the site for 20 mins and its literally impossible to navigate,negative,low,other,been trying to find ur physical store locations on the site for mins and its literally impossible to navigate
just a lil appreciation post bc ur team always makes things right without any hassle 🥰,positive,low,other,just a lil appreciation post bc ur team always makes things right without any hassle
"ok so my package is still MIA but customer service has been genuinely great keeping me updated, ty!",positive,medium,other,ok so my package is still mia but customer service has been genuinely great keeping me updated ty
"had some back-and-forth issues this week but ur support handled everything with such good vibes, ty!!",positive,medium,other,had some backandforth issues this week but ur support handled everything with such good vibes ty
"i've been trying to cancel my subscription for 3 days and keep getting an error, billing cycle resets tomorrow so this is kinda urgent",neutral,high,other,ive been trying to cancel my subscription for days and keep getting an error billing cycle resets tomorrow so this is kinda urgent
ok i was two seconds from rage quitting but whoever just helped me is an actual angel 😭❤️,positive,high,other,ok i was two seconds from rage quitting but whoever just helped me is an actual angel
"the delivery instructions i added to my account don't seem to be getting passed to the drivers, happens every time",neutral,medium,other,the delivery instructions i added to my account dont seem to be getting passed to the drivers happens every time
"my parcel got rerouted randomly but u guys sorted it out no drama, that's what i call good service 👏",positive,medium,other,my parcel got rerouted randomly but u guys sorted it out no drama thats what i call good service
"my whole day was falling apart and your support chat saved it, not being dramatic this actually mattered so much",positive,high,other,my whole day was falling apart and your support chat saved it not being dramatic this actually mattered so much
my whole team is locked out because of ur outage and we have a deadline in 2 hrs. this is a NIGHTMARE,negative,high,other,my whole team is locked out because of ur outage and we have a deadline in hrs this is a nightmare
y'all really raised prices AND cut quality at the same time huh bold strategy,negative,medium,other,yall really raised prices and cut quality at the same time huh bold strategy
do you guys do gift wrapping or is that not a thing,neutral,low,other,do you guys do gift wrapping or is that not a thing
just got an email saying my password was changed and it wasn't me — locking down everything but need your team to flag this account,neutral,high,other,just got an email saying my password was changed and it wasnt me locking down everything but need your team to flag this account
"had to reach out a couple times this week for random stuff and every single time ur team was helpful af, appreciate u",positive,medium,other,had to reach out a couple times this week for random stuff and every single time ur team was helpful af appreciate u
random q but do you have a physical store anywhere or is it just online?,neutral,low,other,random q but do you have a physical store anywhere or is it just online
any idea why my confirmation email always goes to spam? happens every single order,neutral,medium,other,any idea why my confirmation email always goes to spam happens every single order
"@customercare something is seriously wrong with my account, unauthorized stuff is happening and no one will help me im panicking",negative,high,other,customercare something is seriously wrong with my account unauthorized stuff is happening and no one will help me im panicking
why does your app look like it was designed in 2009 lol not a great look for a big company,negative,low,other,why does your app look like it was designed in lol not a great look for a big company
your customer service hold times are an absolute joke. been waiting 45 mins just to ask a simple question 🙄,negative,medium,other,your customer service hold times are an absolute joke been waiting mins just to ask a simple question
i swear if this isnt resolved in the next hour im disputing the charge and never coming back. last warning,negative,high,other,i swear if this isnt resolved in the next hour im disputing the charge and never coming back last warning
i have a flight in 6 hours and my booking confirmation just vanished from my account. PLEASE someone help me,negative,high,other,i have a flight in hours and my booking confirmation just vanished from my account please someone help me
"the font on ur new rebrand is genuinely hard to read, just honest feedback",negative,low,other,the font on ur new rebrand is genuinely hard to read just honest feedback
"just here to say thanks for making returns so easy last time, no hassle at all which is rare these days lol",positive,low,other,just here to say thanks for making returns so easy last time no hassle at all which is rare these days lol
"delivery estimate said thursday but it's now saturday, package still shows as in transit, just fyi",neutral,low,other,delivery estimate said thursday but its now saturday package still shows as in transit just fyi
do you ship on weekends or only weekdays just trying to plan ahead,neutral,low,other,do you ship on weekends or only weekdays just trying to plan ahead
"shoutout to whoever packed my order today, everything was perfect and i appreciate the little extra care 🙌",positive,low,other,shoutout to whoever packed my order today everything was perfect and i appreciate the little extra care
"ur agents r genuinely so patient and nice?? like i was kinda all over the place and they still helped me out, respect",positive,medium,other,ur agents r genuinely so patient and nice like i was kinda all over the place and they still helped me out respect
"kind of annoying that u changed ur return policy without telling anyone, found out the hard way",negative,low,other,kind of annoying that u changed ur return policy without telling anyone found out the hard way
hey can someone help me figure out how to update my account email? can't seem to find it in the settings,neutral,medium,other,hey can someone help me figure out how to update my account email cant seem to find it in the settings
"just wanted to send some good energy ur way bc my experience lately has genuinely been great, keep doing what ur doing ✨",positive,low,other,just wanted to send some good energy ur way bc my experience lately has genuinely been great keep doing what ur doing
driver marked my order delivered but the address on the receipt is wrong?? this needs to be fixed today,neutral,high,other,driver marked my order delivered but the address on the receipt is wrong this needs to be fixed today
not a complaint i promise!! just wanted to say the little freebie in my last package was such a cute surprise 🥹,positive,low,other,not a complaint i promise just wanted to say the little freebie in my last package was such a cute surprise
ok this is a appreciation tweet disguised as a customer message but ur team really does a great job fr fr,positive,low,other,ok this is a appreciation tweet disguised as a customer message but ur team really does a great job fr fr
ur social media team clearly doesnt talk to ur actual support team bc i keep getting different answers about everything,negative,low,other,ur social media team clearly doesnt talk to ur actual support team bc i keep getting different answers about everything
"been a customer for like 3 years now, you guys are pretty solid tbh",neutral,low,other,been a customer for like years now you guys are pretty solid tbh
"my account's been suspended without any notice and i have active subscriptions tied to it, need someone to look into this",neutral,high,other,my accounts been suspended without any notice and i have active subscriptions tied to it need someone to look into this
"package said delivered yesterday but neighbors haven't seen it either, need to know where it actually is before the return window closes",neutral,high,other,package said delivered yesterday but neighbors havent seen it either need to know where it actually is before the return window closes
"hey just wanted to let someone know the rep i talked to last week was actually super helpful, give them a raise or something",neutral,medium,other,hey just wanted to let someone know the rep i talked to last week was actually super helpful give them a raise or something
genuinely cannot believe how bad this has gotten. every single thing that could go wrong has. im DONE,negative,high,other,genuinely cannot believe how bad this has gotten every single thing that could go wrong has im done
"emergency handled, disaster avoided, and i'm still a loyal customer bc of how well u treated me just now 🔥",positive,high,other,emergency handled disaster avoided and im still a loyal customer bc of how well u treated me just now
"the chat bot you replaced real support with is absolutely useless, just an fyi",negative,medium,other,the chat bot you replaced real support with is absolutely useless just an fyi
"i swear if nobody helps me in the next hour im disputing every single charge and going to ur competitor, been ignored for 2 days straight this is absolutely ridiculous",negative,high,other,i swear if nobody helps me in the next hour im disputing every single charge and going to ur competitor been ignored for days straight this is absolutely ridiculous
"y'all have been so consistent lately, every order shows up on time and in perfect shape 👏",positive,low,other,yall have been so consistent lately every order shows up on time and in perfect shape
my package has been 'out for delivery' since 8am and its now 9pm. at what point do i just give up lol,negative,medium,other,my package has been out for delivery since am and its now pm at what point do i just give up lol
"hey @support my account got compromised and someone's using my payment info rn, need this locked ASAP",neutral,high,other,hey support my account got compromised and someones using my payment info rn need this locked asap
"i've sent 3 emails already with no reply, at what point do i just dispute the charge with my bank",neutral,high,other,ive sent emails already with no reply at what point do i just dispute the charge with my bank
just got charged twice for the same order... not exactly inspiring confidence rn,negative,medium,other,just got charged twice for the same order not exactly inspiring confidence rn
"i never leave reviews but this deserved a mention — was desperate and u came thru instantly, ty",positive,high,other,i never leave reviews but this deserved a mention was desperate and u came thru instantly ty
yo @support your loyalty points just randomly disappeared from my account?? i've been collecting those for MONTHS this is so frustrating,negative,medium,other,yo support your loyalty points just randomly disappeared from my account ive been collecting those for months this is so frustrating
i've had to reset my account password 3 times this month for no reason. something is clearly wrong on your end,negative,medium,other,ive had to reset my account password times this month for no reason something is clearly wrong on your end
"the return window on my order closes TOMORROW and the label still hasn't been emailed to me, need this fixed asap",neutral,high,other,the return window on my order closes tomorrow and the label still hasnt been emailed to me need this fixed asap
just a lil appreciation tweet bc everything's been going smooth lately and i feel like companies only hear the bad stuff ya know,positive,low,other,just a lil appreciation tweet bc everythings been going smooth lately and i feel like companies only hear the bad stuff ya know
"hey just wondering if there's a way to update my delivery address after placing an order, no rush just asking",neutral,low,other,hey just wondering if theres a way to update my delivery address after placing an order no rush just asking
"been waiting 4 days for a package that was supposed to arrive monday, if it's lost i need to know so i can refile with insurance",neutral,high,other,been waiting days for a package that was supposed to arrive monday if its lost i need to know so i can refile with insurance
ok i know this is random but ur packaging is adorable and it made my whole day lol,positive,low,other,ok i know this is random but ur packaging is adorable and it made my whole day lol
"hey @support my account got compromised and i need someone to look into this ASAP, can someone respond?",neutral,high,other,hey support my account got compromised and i need someone to look into this asap can someone respond
"been a loyal customer for years and even when stuff goes sideways u always make it right, respect 💯",positive,medium,other,been a loyal customer for years and even when stuff goes sideways u always make it right respect
"ur support team remembered my name from last time and that honestly meant a lot, ty 🤍",positive,low,other,ur support team remembered my name from last time and that honestly meant a lot ty
"honestly your packaging has gotten better, just wanted to mention it since people only ever complain lol",neutral,medium,other,honestly your packaging has gotten better just wanted to mention it since people only ever complain lol
"not in a rush or anything but just wanna say y'all have been killing it lately, keep it up!!",positive,low,other,not in a rush or anything but just wanna say yall have been killing it lately keep it up
"my account is showing a balance of $0 when there should be store credit there, need this looked at before i check out",neutral,high,other,my account is showing a balance of when there should be store credit there need this looked at before i check out
"genuinely curious how your sizing runs, like is it true to size generally",neutral,low,other,genuinely curious how your sizing runs like is it true to size generally
"you guys just saved my whole day, seriously was in a full panic and ur team fixed it immediately!!",positive,high,other,you guys just saved my whole day seriously was in a full panic and ur team fixed it immediately
"no complaints just vibes rn, everything arrived safe and sound and i'm a happy camper 😄",positive,low,other,no complaints just vibes rn everything arrived safe and sound and im a happy camper
hey can you DM me a contact for urgent account issues? the regular support line has a 2 hr wait and i can't afford that rn,neutral,high,other,hey can you dm me a contact for urgent account issues the regular support line has a hr wait and i cant afford that rn
the delivery guy left the sweetest note with my order?? that was so unexpected and cute,positive,low,other,the delivery guy left the sweetest note with my order that was so unexpected and cute
third time this month something has gone wrong and ur support just keeps closing my tickets without fixing anything,negative,high,other,third time this month something has gone wrong and ur support just keeps closing my tickets without fixing anything
do you donate to any charities or have like a sustainability program? curious,neutral,low,other,do you donate to any charities or have like a sustainability program curious
"ok the delivery delay is a lil annoying but ur support agent was SO chill and helpful about it, no complaints here 😂",positive,medium,other,ok the delivery delay is a lil annoying but ur support agent was so chill and helpful about it no complaints here
"appreciate that u guys actually follow through on what u promise, more companies need to take notes tbh",positive,low,other,appreciate that u guys actually follow through on what u promise more companies need to take notes tbh
not sure if this is the right place to ask but what's your return window for stuff bought in store,neutral,low,other,not sure if this is the right place to ask but whats your return window for stuff bought in store
"honestly your packaging has gotten way better recently, used to be kinda flimsy",neutral,low,other,honestly your packaging has gotten way better recently used to be kinda flimsy
"nobody told me my package was gonna need a signature?? i was at work all day, thanks for the heads up 🙄",negative,medium,other,nobody told me my package was gonna need a signature i was at work all day thanks for the heads up
"my entire workflow depends on this working and it's not, please someone respond to my ticket #48291",neutral,high,other,my entire workflow depends on this working and its not please someone respond to my ticket
"just letting u know my login credentials were sent to the wrong email address, prob need to fix that quickly",neutral,high,other,just letting u know my login credentials were sent to the wrong email address prob need to fix that quickly
"honestly wasn't expecting such a quick response about my missing box, u guys are doing great fr",positive,medium,other,honestly wasnt expecting such a quick response about my missing box u guys are doing great fr
just a lil appreciation tweet bc ur chat team went above and beyond today even for a small thing 💛,positive,medium,other,just a lil appreciation tweet bc ur chat team went above and beyond today even for a small thing
"my neighbor got my package again, this happens way too often with this address",neutral,medium,other,my neighbor got my package again this happens way too often with this address
"literally said out loud 'oh thank god' when i saw ur reply, u have no idea how stressed i was",positive,high,other,literally said out loud oh thank god when i saw ur reply u have no idea how stressed i was
"im literally about to lose a client because ur system went down at the worst possible time, this is unacceptable",negative,high,other,im literally about to lose a client because ur system went down at the worst possible time this is unacceptable
"shoutout to the support team honestly, you guys actually respond which is more than i can say for most brands",neutral,medium,other,shoutout to the support team honestly you guys actually respond which is more than i can say for most brands
"ty for getting back to me so fast about that whole situation, didnt even take long and it was sorted 👏",positive,medium,other,ty for getting back to me so fast about that whole situation didnt even take long and it was sorted
"i think someone else has access to my account, seeing orders i didn't place — who do i contact to get this sorted immediately",neutral,high,other,i think someone else has access to my account seeing orders i didnt place who do i contact to get this sorted immediately
"UPDATE: issue is resolved and i'm SO relieved, was losing my mind earlier but ur support team is actually amazing",positive,high,other,update issue is resolved and im so relieved was losing my mind earlier but ur support team is actually amazing
@help literally cannot access anything rn and I have a deadline in 2 hours why is no one picking up the phone,negative,high,other,help literally cannot access anything rn and i have a deadline in hours why is no one picking up the phone
"been a bumpy few days order-wise but ur team handled everything so smoothly, honestly kinda impressed ngl",positive,medium,other,been a bumpy few days orderwise but ur team handled everything so smoothly honestly kinda impressed ngl
been a loyal customer for 5 years and this is how u treat people?? absolutely done with this company,negative,high,other,been a loyal customer for years and this is how u treat people absolutely done with this company
"been locked out of my account since this morning and i have pending transactions i need to check, any ETA on a fix",neutral,high,other,been locked out of my account since this morning and i have pending transactions i need to check any eta on a fix
lol ok i came in ready to be annoyed about my late delivery and now im actually happy bc ur support is just that good,positive,medium,other,lol ok i came in ready to be annoyed about my late delivery and now im actually happy bc ur support is just that good
"still waiting on a response from the email i sent 11 days ago, no rush i guess 🙃",negative,low,other,still waiting on a response from the email i sent days ago no rush i guess
the package ur tracking says was delivered? yeah it was NOT. somebody stole it off a strangers porch apparently,negative,high,other,the package ur tracking says was delivered yeah it was not somebody stole it off a strangers porch apparently
"ur unsubscribe button literally does nothing, still getting 3 emails a day from u",negative,low,other,ur unsubscribe button literally does nothing still getting emails a day from u
lmk when you guys actually start responding to DMs bc i've been waiting 3 days and nothing... great customer service lol,negative,medium,other,lmk when you guys actually start responding to dms bc ive been waiting days and nothing great customer service lol
someone used my account to make purchases i didnt authorize and ur fraud team is just??? not responding??? hello???,negative,high,other,someone used my account to make purchases i didnt authorize and ur fraud team is just not responding hello
literally just tweeting to say ty bc my last few deliveries have been flawless and i notice these things lol,positive,low,other,literally just tweeting to say ty bc my last few deliveries have been flawless and i notice these things lol
"hey @support my package has been sitting at the local facility for like 3 days now, any idea when it'll actually move?",neutral,medium,other,hey support my package has been sitting at the local facility for like days now any idea when itll actually move
the fact that i have to tweet at you guys to get any response is wild. emails go nowhere. phone is useless.,negative,medium,other,the fact that i have to tweet at you guys to get any response is wild emails go nowhere phone is useless
"genuinely impressed by how u guys handle everything, big or small. gives me faith lol",positive,low,other,genuinely impressed by how u guys handle everything big or small gives me faith lol
"hey just wanted to say your delivery guy was SO nice today, made my whole morning honestly 😊",positive,low,other,hey just wanted to say your delivery guy was so nice today made my whole morning honestly
"honestly feel like customer service used to actually care and now it's just copy paste responses, disappointing",negative,medium,other,honestly feel like customer service used to actually care and now its just copy paste responses disappointing
"just wanna say the person i chatted with today was SO patient with me, didn't feel rushed at all 🥰",positive,medium,other,just wanna say the person i chatted with today was so patient with me didnt feel rushed at all
whoever is running ur logistics rn needs to be fired. this is genuinely embarrassing for ur brand,negative,high,other,whoever is running ur logistics rn needs to be fired this is genuinely embarrassing for ur brand
"love u guys but NOT having keyboard shortcuts is slowing me down so bad, please please please make it happen asap!!",positive,high,feature_request,love u guys but not having keyboard shortcuts is slowing me down so bad please please please make it happen asap
still no option to sort by priority?? ive seen this requested in your comments a million times already,negative,low,feature_request,still no option to sort by priority ive seen this requested in your comments a million times already
love what you've been doing with updates lately! would be amazing to eventually have a way to export data as a CSV tho 🙌,positive,medium,feature_request,love what youve been doing with updates lately would be amazing to eventually have a way to export data as a csv tho
"been asking for a folder system for like 2 years now and yall just keep ignoring it, super frustrating",negative,medium,feature_request,been asking for a folder system for like years now and yall just keep ignoring it super frustrating
"honestly the best tool i've used in years but without API access i'm gonna have to drop it for something more dev-friendly, please prioritize this!!",positive,high,feature_request,honestly the best tool ive used in years but without api access im gonna have to drop it for something more devfriendly please prioritize this
any plans to let users change the app icon color? small thing but would be neat,neutral,low,feature_request,any plans to let users change the app icon color small thing but would be neat
do you have plans to add invoice customization? my clients are asking questions i can't answer and it's making me look bad,neutral,high,feature_request,do you have plans to add invoice customization my clients are asking questions i cant answer and its making me look bad
not to be that person but literally every other app has a calendar view except yours lol,negative,low,feature_request,not to be that person but literally every other app has a calendar view except yours lol
"hey @support would LOVE if you guys added a dark mode option, it's been on my wishlist forever 🙏",positive,medium,feature_request,hey support would love if you guys added a dark mode option its been on my wishlist forever
any plans to add a client portal? sending files back and forth over email is really slowing things down,neutral,high,feature_request,any plans to add a client portal sending files back and forth over email is really slowing things down
"i NEED the ability to assign tasks to multiple people not just one, my whole team is blocked waiting on this, how is this not a thing yet??",negative,high,feature_request,i need the ability to assign tasks to multiple people not just one my whole team is blocked waiting on this how is this not a thing yet
"please just add a split screen view already, having to constantly switch between tabs is killing my productivity",negative,medium,feature_request,please just add a split screen view already having to constantly switch between tabs is killing my productivity
"need API access added to the business tier asap, our dev team is blocked on an entire integration",neutral,high,feature_request,need api access added to the business tier asap our dev team is blocked on an entire integration
"hey @support would love if you guys added dark mode sometime, no rush just think it'd be super clean 😊",positive,low,feature_request,hey support would love if you guys added dark mode sometime no rush just think itd be super clean
"would love a way to share lists with specific people instead of making everything public, just a thought",negative,low,feature_request,would love a way to share lists with specific people instead of making everything public just a thought
"NO notification sounds on desktop??? i keep missing urgent messages bc there's zero audio alert, this is costing me clients, please fix this immediately",negative,high,feature_request,no notification sounds on desktop i keep missing urgent messages bc theres zero audio alert this is costing me clients please fix this immediately
not sure if this has been suggested before but it'd be nice to have the option to export data as a csv file,neutral,low,feature_request,not sure if this has been suggested before but itd be nice to have the option to export data as a csv file
"been asking for two-factor login for MONTHS now and nothing — this is a security nightmare, if I get hacked bc of this I'm done with yall",negative,high,feature_request,been asking for twofactor login for months now and nothing this is a security nightmare if i get hacked bc of this im done with yall
"yall are incredible but PLEASE add calendar integration asap, im losing track of everything and its urgent 😩",positive,high,feature_request,yall are incredible but please add calendar integration asap im losing track of everything and its urgent
"you update the app like every week but somehow still no batch edit feature, make it make sense",negative,low,feature_request,you update the app like every week but somehow still no batch edit feature make it make sense
can you PLEASE add a way to export my data?? feels like you're holding it hostage at this point,negative,medium,feature_request,can you please add a way to export my data feels like youre holding it hostage at this point
"obsessed with this app ngl, any plans to add collaborative lists? would make sharing with friends so easy!",positive,low,feature_request,obsessed with this app ngl any plans to add collaborative lists would make sharing with friends so easy
"why does every other app have dark mode but you guys STILL haven't added it, this is getting ridiculous",negative,medium,feature_request,why does every other app have dark mode but you guys still havent added it this is getting ridiculous
any chance of adding keyboard shortcuts? would speed things up a lot for people who use this daily,neutral,medium,feature_request,any chance of adding keyboard shortcuts would speed things up a lot for people who use this daily
any thoughts on adding a split screen mode? would help a lot when cross-referencing things,neutral,medium,feature_request,any thoughts on adding a split screen mode would help a lot when crossreferencing things
"loving the app lately but omg please add a way to bulk delete old messages, would save me so much time every day!",positive,medium,feature_request,loving the app lately but omg please add a way to bulk delete old messages would save me so much time every day
"@support I NEED bulk export yesterday, my whole team is blocked and we're losing client deadlines pls fix this asap",negative,high,feature_request,support i need bulk export yesterday my whole team is blocked and were losing client deadlines pls fix this asap
you guys are killing it honestly!! just think a search filter option would take it to the next level 💪,positive,low,feature_request,you guys are killing it honestly just think a search filter option would take it to the next level
still waiting for a desktop version btw. just saying. no rush or anything 🙃,negative,low,feature_request,still waiting for a desktop version btw just saying no rush or anything
pls for the love of god add multi-account support. switching back and forth every 5 mins is exhausting,negative,low,feature_request,pls for the love of god add multiaccount support switching back and forth every mins is exhausting
totally happy with everything but a collaboration feature would be insane if u ever consider it!!,positive,low,feature_request,totally happy with everything but a collaboration feature would be insane if u ever consider it
"your platform has NO version history?? i just lost hours of work bc there's no way to roll back changes, this is unacceptable pls add this NOW",negative,high,feature_request,your platform has no version history i just lost hours of work bc theres no way to roll back changes this is unacceptable pls add this now
omg i LOVE your app but PLEASE add dark mode asap my eyes are literally dying at night and i cant keep using it like this 😭,positive,high,feature_request,omg i love your app but please add dark mode asap my eyes are literally dying at night and i cant keep using it like this
big fan of what you've been doing with updates!! would be awesome if we could pin favorite filters tho just sayin,positive,medium,feature_request,big fan of what youve been doing with updates would be awesome if we could pin favorite filters tho just sayin
"no dark mode in 2024?? my eyes are destroyed after long sessions and it's making me not want to use this at all, get it together",negative,high,feature_request,no dark mode in my eyes are destroyed after long sessions and its making me not want to use this at all get it together
would really need an offline mode added — my whole workflow dies every time the internet cuts out and i'm about to switch to a competitor,neutral,high,feature_request,would really need an offline mode added my whole workflow dies every time the internet cuts out and im about to switch to a competitor
ok ur app is lowkey one of my favs but can we get offline mode please?? would be a total game changer for commutes,positive,medium,feature_request,ok ur app is lowkey one of my favs but can we get offline mode please would be a total game changer for commutes
"the app would actually be good if you could filter results by more than one tag at a time, please fix this",negative,medium,feature_request,the app would actually be good if you could filter results by more than one tag at a time please fix this
honestly would it kill you guys to add a search filter by date?? been wanting this forever,negative,low,feature_request,honestly would it kill you guys to add a search filter by date been wanting this forever
"is there a way to set role-based permissions? we onboarded 20 people and can't control access at all, kinda urgent for us",neutral,high,feature_request,is there a way to set rolebased permissions we onboarded people and cant control access at all kinda urgent for us
"hey @support loving the app lately but would LOVE if you added a dark mode option, it'd make using it at night so much easier 🙏",positive,medium,feature_request,hey support loving the app lately but would love if you added a dark mode option itd make using it at night so much easier
honestly baffled that there's no bulk delete option. have to remove things one by one like an animal,negative,low,feature_request,honestly baffled that theres no bulk delete option have to remove things one by one like an animal
"ur platform is honestly the best but i NEED SSO login for my company like rn, security team is on my case about it 🙏",positive,high,feature_request,ur platform is honestly the best but i need sso login for my company like rn security team is on my case about it
not a huge deal but it'd be nice if the app remembered my last used settings instead of resetting every time i open it,neutral,medium,feature_request,not a huge deal but itd be nice if the app remembered my last used settings instead of resetting every time i open it
"@support you SERIOUSLY don't have an offline mode?? i'm traveling for work and completely useless without wifi, this needs to happen NOW",negative,high,feature_request,support you seriously dont have an offline mode im traveling for work and completely useless without wifi this needs to happen now
"been a loyal customer for 2 yrs and u guys rock but without a proper search function i'm about to lose it, i can't find anything in my account pls help",positive,high,feature_request,been a loyal customer for yrs and u guys rock but without a proper search function im about to lose it i cant find anything in my account pls help
please tell me you're working on a desktop app because the mobile only thing is killing my workflow and i'm seriously considering canceling,negative,high,feature_request,please tell me youre working on a desktop app because the mobile only thing is killing my workflow and im seriously considering canceling
hey do you have plans to add keyboard shortcuts anytime soon?,neutral,low,feature_request,hey do you have plans to add keyboard shortcuts anytime soon
"biggest fan ever but the lack of team collaboration features is about to make me cancel, please tell me its coming soon!!",positive,high,feature_request,biggest fan ever but the lack of team collaboration features is about to make me cancel please tell me its coming soon
"not urgent at all but it'd be SO cool if you could add folders for organizing saved items, love the app btw!",positive,low,feature_request,not urgent at all but itd be so cool if you could add folders for organizing saved items love the app btw
not for nothing but adding a password-protect option for certain folders shouldn't be that hard?? other apps figured it out,negative,medium,feature_request,not for nothing but adding a passwordprotect option for certain folders shouldnt be that hard other apps figured it out
why is there still no 2FA option?? this is a serious security risk and if you don't add it soon i'm moving everything to a competitor,negative,high,feature_request,why is there still no fa option this is a serious security risk and if you dont add it soon im moving everything to a competitor
why cant i export my data as a csv file?? this feels like such an obvious thing to have,negative,low,feature_request,why cant i export my data as a csv file this feels like such an obvious thing to have
"why does every competitor have dark mode except you guys?? my eyes are literally bleeding using this at night, please just ADD IT already",negative,high,feature_request,why does every competitor have dark mode except you guys my eyes are literally bleeding using this at night please just add it already
"need bulk export before end of quarter or we're moving to a competitor, is that on the roadmap?",neutral,high,feature_request,need bulk export before end of quarter or were moving to a competitor is that on the roadmap
hey @support any chance you can add two-factor authentication soon? genuinely can't use this for work without it,neutral,high,feature_request,hey support any chance you can add twofactor authentication soon genuinely cant use this for work without it
"@help no audit log = no accountability = we CANNOT use this for compliance. this isn't optional, we need it NOW",negative,high,feature_request,help no audit log no accountability we cannot use this for compliance this isnt optional we need it now
any plans to add multi-language support down the line?,neutral,low,feature_request,any plans to add multilanguage support down the line
"been using this for 2 years and still no bulk delete option, pretty disappointing ngl",negative,low,feature_request,been using this for years and still no bulk delete option pretty disappointing ngl
ok genuinely loving the recent updates!! but a customizable dashboard would be incredible if that's ever on the roadmap 👏,positive,medium,feature_request,ok genuinely loving the recent updates but a customizable dashboard would be incredible if thats ever on the roadmap
would love to see a way to export my data as a CSV tbh,neutral,low,feature_request,would love to see a way to export my data as a csv tbh
desperately need a client portal feature. sending files back and forth over email bc your platform won't support it is embarrassing,negative,high,feature_request,desperately need a client portal feature sending files back and forth over email bc your platform wont support it is embarrassing
have you considered adding a notes section to each profile? would come in handy,neutral,low,feature_request,have you considered adding a notes section to each profile would come in handy
"the missing reply-all feature is honestly ruining my workflow, i have to work around it every single day",negative,medium,feature_request,the missing replyall feature is honestly ruining my workflow i have to work around it every single day
"huge fan of the product honestly, but adding keyboard shortcuts would make my daily use SO much smoother, just putting it out there 👀",positive,medium,feature_request,huge fan of the product honestly but adding keyboard shortcuts would make my daily use so much smoother just putting it out there
do you guys have a timeline for recurring billing support? i can't process subscriptions rn and it's costing me customers,neutral,high,feature_request,do you guys have a timeline for recurring billing support i cant process subscriptions rn and its costing me customers
"honestly such a solid app, just think adding a split view option would take it to the next level for multitaskers like me!",positive,medium,feature_request,honestly such a solid app just think adding a split view option would take it to the next level for multitaskers like me
can yall finally add a repeat/recurring task option?? manually recreating the same task every week is ridiculous,negative,medium,feature_request,can yall finally add a repeatrecurring task option manually recreating the same task every week is ridiculous
your competitors have had custom notification settings for years and you still haven't figured it out smh,negative,low,feature_request,your competitors have had custom notification settings for years and you still havent figured it out smh
is calendar sync on the roadmap? scheduling stuff manually is causing us to miss meetings,neutral,high,feature_request,is calendar sync on the roadmap scheduling stuff manually is causing us to miss meetings
any plans to integrate with google calendar? would be super useful for how i use the app daily,neutral,medium,feature_request,any plans to integrate with google calendar would be super useful for how i use the app daily
still no batch editing?? selecting items one at a time is honestly making me consider switching to something else,negative,medium,feature_request,still no batch editing selecting items one at a time is honestly making me consider switching to something else
"genuinely frustrated that i cant tag multiple people at once, doing it one by one takes forever ugh",negative,medium,feature_request,genuinely frustrated that i cant tag multiple people at once doing it one by one takes forever ugh
not urgent or anything but can you PLEASE add a way to export my data as a csv at some point... been waiting forever,negative,low,feature_request,not urgent or anything but can you please add a way to export my data as a csv at some point been waiting forever
ok so when are we getting custom notification sounds bc the default one is making me lose my mind daily,negative,medium,feature_request,ok so when are we getting custom notification sounds bc the default one is making me lose my mind daily
genuinely enjoy using this every day but a search filter option would take it to the next level fr,positive,medium,feature_request,genuinely enjoy using this every day but a search filter option would take it to the next level fr
"been asking for calendar integration for over a year and still nothing. missing meetings because everything is siloed, about to move to a competitor",negative,high,feature_request,been asking for calendar integration for over a year and still nothing missing meetings because everything is siloed about to move to a competitor
"omg you all are so great, but pleaseeee add a way to sort by date?? would make my life so much easier lol",positive,low,feature_request,omg you all are so great but pleaseeee add a way to sort by date would make my life so much easier lol
the fact that there's no keyboard shortcut support in 2024 is honestly wild to me,negative,low,feature_request,the fact that theres no keyboard shortcut support in is honestly wild to me
app is running so smooth rn!! would it ever be possible to add recurring reminders? that'd be amazing 😍,positive,low,feature_request,app is running so smooth rn would it ever be possible to add recurring reminders thatd be amazing
would it kill you to add a undo button?? i keep accidentally deleting stuff and there's zero way to get it back,negative,low,feature_request,would it kill you to add a undo button i keep accidentally deleting stuff and theres zero way to get it back
any chance of adding two-factor auth options beyond just email?,neutral,low,feature_request,any chance of adding twofactor auth options beyond just email
"your app doesn't support multiple currencies and i'm literally unable to invoice international clients rn, this is blocking my entire business please respond",negative,high,feature_request,your app doesnt support multiple currencies and im literally unable to invoice international clients rn this is blocking my entire business please respond
"genuinely love ur platform but i will literally cry if u dont add recurring payment options soon, it's costing me so much time",positive,high,feature_request,genuinely love ur platform but i will literally cry if u dont add recurring payment options soon its costing me so much time
when is the zapier integration coming back? our whole workflow is broken without it,neutral,high,feature_request,when is the zapier integration coming back our whole workflow is broken without it
why cant i export my data as a CSV?? this feels like such a basic thing that shouldnt be this hard to add,negative,medium,feature_request,why cant i export my data as a csv this feels like such a basic thing that shouldnt be this hard to add
"loving the update!! would be amazing if we could export data as a CSV tho, just a thought 💙",positive,low,feature_request,loving the update would be amazing if we could export data as a csv tho just a thought
"@customersupport zero search functionality inside the inbox?? i'm drowning trying to find old conversations, this is a basic feature and i'm losing my mind",negative,high,feature_request,customersupport zero search functionality inside the inbox im drowning trying to find old conversations this is a basic feature and im losing my mind
can we get a search bar for the settings menu? finding stuff in there takes way longer than it should,neutral,medium,feature_request,can we get a search bar for the settings menu finding stuff in there takes way longer than it should
"im begging u guys to add a proper offline mode, the app is basically useless whenever my wifi is spotty",negative,medium,feature_request,im begging u guys to add a proper offline mode the app is basically useless whenever my wifi is spotty
nobody asked for the new UI but nobody's asking for a simple search bar either apparently 🙃,negative,low,feature_request,nobody asked for the new ui but nobodys asking for a simple search bar either apparently
"there's no way to set spending limits per user?? someone on my team just blew the budget and i had NO controls to stop it, add this feature NOW",negative,high,feature_request,theres no way to set spending limits per user someone on my team just blew the budget and i had no controls to stop it add this feature now
"loving everything rn tbh, just a small wish — could you add an undo button? would be super handy!",positive,low,feature_request,loving everything rn tbh just a small wish could you add an undo button would be super handy
would love it if there was a way to bulk delete old messages instead of doing it one by one tbh,neutral,medium,feature_request,would love it if there was a way to bulk delete old messages instead of doing it one by one tbh
loving all the recent changes!! just a lil wish but drag-and-drop reordering would be super handy 🙏😊,positive,low,feature_request,loving all the recent changes just a lil wish but draganddrop reordering would be super handy
"ur app is amazing but not having offline mode is literally killing my productivity rn, PLEASE make this happen soon 🙏",positive,high,feature_request,ur app is amazing but not having offline mode is literally killing my productivity rn please make this happen soon
cool app but the lack of a widget option is kinda frustrating at this point tbh,negative,low,feature_request,cool app but the lack of a widget option is kinda frustrating at this point tbh
@support no recurring task feature means i have to manually recreate the same 50 tasks every week. this is insane. please.,negative,high,feature_request,support no recurring task feature means i have to manually recreate the same tasks every week this is insane please
"y'all are great btw, just wanted to say it'd be awesome to have a widget for the home screen whenever u get the chance",positive,low,feature_request,yall are great btw just wanted to say itd be awesome to have a widget for the home screen whenever u get the chance
would it kill you to add a bulk delete option?? deleting things one by one is driving me absolutely insane,negative,medium,feature_request,would it kill you to add a bulk delete option deleting things one by one is driving me absolutely insane
"could be cool if you added a widget for the home screen at some point, just putting it out there",neutral,low,feature_request,could be cool if you added a widget for the home screen at some point just putting it out there
"genuinely impressed by everything u do but PLEASE add role-based permissions, my whole team is blocked until this exists 🙏🙏",positive,high,feature_request,genuinely impressed by everything u do but please add rolebased permissions my whole team is blocked until this exists
"no complaints at all honestly, just think a bulk edit feature would be chef's kiss if u ever consider it ✨",positive,low,feature_request,no complaints at all honestly just think a bulk edit feature would be chefs kiss if u ever consider it
is there a plan to support sub-accounts? can't manage multiple clients efficiently the way it works now,neutral,high,feature_request,is there a plan to support subaccounts cant manage multiple clients efficiently the way it works now
"love love LOVE the new UI — tiny suggestion tho, can we get an undo button? would be chef's kiss 🤌",positive,low,feature_request,love love love the new ui tiny suggestion tho can we get an undo button would be chefs kiss
"this app has genuinely changed my life but the no-backup feature has me terrified, one crash and i lose everything — please add this ASAP i'm begging",positive,high,feature_request,this app has genuinely changed my life but the nobackup feature has me terrified one crash and i lose everything please add this asap im begging
need SSO support added soon or our IT dept won't approve the tool for company use,neutral,high,feature_request,need sso support added soon or our it dept wont approve the tool for company use
been using the app for a while and honestly a search filter by date would be really helpful,neutral,low,feature_request,been using the app for a while and honestly a search filter by date would be really helpful
you guys have been killing it recently!! any chance a calendar sync feature is coming? that would literally complete my workflow,positive,medium,feature_request,you guys have been killing it recently any chance a calendar sync feature is coming that would literally complete my workflow
not sure if this is possible but a calendar view for tasks would be kinda nice,neutral,low,feature_request,not sure if this is possible but a calendar view for tasks would be kinda nice
could you add the option to sort by multiple columns at once? single sort just doesn't cut it for me,neutral,medium,feature_request,could you add the option to sort by multiple columns at once single sort just doesnt cut it for me
"the fact that i cant pin more than 3 items is so annoying, why is there even a limit on that??",negative,medium,feature_request,the fact that i cant pin more than items is so annoying why is there even a limit on that
"i genuinely can't believe there's no bulk delete option, do you expect me to remove things one by one like some kind of peasant 😤",negative,medium,feature_request,i genuinely cant believe theres no bulk delete option do you expect me to remove things one by one like some kind of peasant
"the service has been really great lately, would be cool to see a light/dark theme toggle added at some point 😊",positive,low,feature_request,the service has been really great lately would be cool to see a lightdark theme toggle added at some point
big fan of what yall have been doing with the updates! any chance of adding a reminder/notification feature down the line? would use it every single day fr,positive,medium,feature_request,big fan of what yall have been doing with the updates any chance of adding a remindernotification feature down the line would use it every single day fr
been recommending u to everyone lol — small ask but can we get multi-account support at some point?,positive,low,feature_request,been recommending u to everyone lol small ask but can we get multiaccount support at some point
really appreciate how responsive u guys are!! would be so cool to get batch notifications instead of individual ones someday,positive,low,feature_request,really appreciate how responsive u guys are would be so cool to get batch notifications instead of individual ones someday
just wondering if offline mode is something on the roadmap?,neutral,low,feature_request,just wondering if offline mode is something on the roadmap
every update and still no batch editing feature... what exactly are y'all working on over there,negative,medium,feature_request,every update and still no batch editing feature what exactly are yall working on over there
love love LOVE the new UI but omg a widget for the home screen would make this app perfect pls consider it!!,positive,medium,feature_request,love love love the new ui but omg a widget for the home screen would make this app perfect pls consider it
wondering if you guys ever plan on adding an offline mode for the app,neutral,low,feature_request,wondering if you guys ever plan on adding an offline mode for the app
is there a way to set recurring reminders or is that something yall might add later,neutral,low,feature_request,is there a way to set recurring reminders or is that something yall might add later
you've been doing great work lately!! any plans to add multi-account support? would make things way easier for me day to day,positive,medium,feature_request,youve been doing great work lately any plans to add multiaccount support would make things way easier for me day to day
"would be nice to have an undo button for accidental actions, seems like a pretty basic thing to add",neutral,medium,feature_request,would be nice to have an undo button for accidental actions seems like a pretty basic thing to add
"not a big deal at all but a 'share to story' button would be so fun, love what you're doing tho!! 💕",positive,low,feature_request,not a big deal at all but a share to story button would be so fun love what youre doing tho
not gonna lie it's pretty embarrassing that your competitors have had custom notifications for months and you're just ignoring it,negative,medium,feature_request,not gonna lie its pretty embarrassing that your competitors have had custom notifications for months and youre just ignoring it
@customerservice your search function is pathetic — we need filters and advanced search or i'm recommending we drop the subscription,negative,high,feature_request,customerservice your search function is pathetic we need filters and advanced search or im recommending we drop the subscription
would be SO nice if i could filter my search results by date but i guess that's too much to ask 🙄,negative,low,feature_request,would be so nice if i could filter my search results by date but i guess thats too much to ask
"not to be dramatic but if you don't add offline mode soon i'm switching to literally anything else, this is such a basic feature omg",negative,medium,feature_request,not to be dramatic but if you dont add offline mode soon im switching to literally anything else this is such a basic feature omg
"loving the app lately!! one thing tho — bulk delete would be so clutch, any chance that's coming soon?",positive,medium,feature_request,loving the app lately one thing tho bulk delete would be so clutch any chance thats coming soon
"your app is fine but it'd be so much better if we could customize the notification sounds, just saying 🙄",negative,low,feature_request,your app is fine but itd be so much better if we could customize the notification sounds just saying
hey @support any chance you're adding multi-factor auth soon? i genuinely can't use this for work without it and my team is blocked rn,neutral,high,feature_request,hey support any chance youre adding multifactor auth soon i genuinely cant use this for work without it and my team is blocked rn
"need 2FA on the mobile app ASAP — right now my account has basically zero security and i cant keep using it like this, pls tell me this is on the roadmap",neutral,high,feature_request,need fa on the mobile app asap right now my account has basically zero security and i cant keep using it like this pls tell me this is on the roadmap
"hey you guys are amazing but pls pls PLS add two-factor auth like yesterday, feeling super exposed rn and might have to stop using the service 😬❤️",positive,high,feature_request,hey you guys are amazing but pls pls pls add twofactor auth like yesterday feeling super exposed rn and might have to stop using the service
"would really appreciate a way to customize the dashboard layout, the default setup doesn't really work for my workflow",neutral,medium,feature_request,would really appreciate a way to customize the dashboard layout the default setup doesnt really work for my workflow
no webhook support means our entire automation stack is broken. please tell me this is on the roadmap bc we're desperate here,negative,high,feature_request,no webhook support means our entire automation stack is broken please tell me this is on the roadmap bc were desperate here
is version history on the roadmap? one accidental edit just cost me a lot of time to fix,neutral,high,feature_request,is version history on the roadmap one accidental edit just cost me a lot of time to fix
is there a way to set role-based permissions for team members? we're onboarding 20 people monday and without that i genuinely cant roll this out to them,neutral,high,feature_request,is there a way to set rolebased permissions for team members were onboarding people monday and without that i genuinely cant roll this out to them
you all are amazing btw but pleeeease can we get folder organization for saved items? would make my life so much easier,positive,medium,feature_request,you all are amazing btw but pleeeease can we get folder organization for saved items would make my life so much easier
been a paying customer for 2 years and still no multi-account support... starting to wonder why i bother,negative,medium,feature_request,been a paying customer for years and still no multiaccount support starting to wonder why i bother
"would be nice if the mobile app had the same features as desktop, few things are missing on my end",neutral,medium,feature_request,would be nice if the mobile app had the same features as desktop few things are missing on my end
it'd be cool if we could customize the notification sounds tbh,neutral,low,feature_request,itd be cool if we could customize the notification sounds tbh
"been a happy user for months now, just wondering if there are any plans to add a widget for the home screen? would be super handy!",positive,medium,feature_request,been a happy user for months now just wondering if there are any plans to add a widget for the home screen would be super handy
"seriously need a dark mode option, staring at this all day is rough — is it being worked on?",neutral,high,feature_request,seriously need a dark mode option staring at this all day is rough is it being worked on
"i've been begging for a bulk export option for MONTHS and nothing. losing actual money because i have to manually pull data one by one, this is insane",negative,high,feature_request,ive been begging for a bulk export option for months and nothing losing actual money because i have to manually pull data one by one this is insane
when does multi-currency support drop? i have international clients and this is becoming a real problem,neutral,high,feature_request,when does multicurrency support drop i have international clients and this is becoming a real problem
literally obsessed w/ your platform but i need offline mode NOW or im canceling my subscription end of month no joke,positive,high,feature_request,literally obsessed w your platform but i need offline mode now or im canceling my subscription end of month no joke
i've submitted this request 4 times — we need SSO integration or our company literally cannot use your platform. security policy.,negative,high,feature_request,ive submitted this request times we need sso integration or our company literally cannot use your platform security policy
"i love ur product so much but if u dont add multi-account support soon im gonna have to switch to a competitor, plsss hurry!",positive,high,feature_request,i love ur product so much but if u dont add multiaccount support soon im gonna have to switch to a competitor plsss hurry
honestly just need a CSV import feature — manually entering 500 records isn't realistic and i'm about to move to another tool,neutral,high,feature_request,honestly just need a csv import feature manually entering records isnt realistic and im about to move to another tool
"happy customer here!! just think it'd be dope if you added multi-account support, switching back and forth rn is kinda annoying",positive,medium,feature_request,happy customer here just think itd be dope if you added multiaccount support switching back and forth rn is kinda annoying
been recommending u to everyone but i need custom notifications added urgently or my whole team is gonna riot lol but seriously please,positive,high,feature_request,been recommending u to everyone but i need custom notifications added urgently or my whole team is gonna riot lol but seriously please
we're about to lose a major client bc your tool doesn't support multi-currency invoicing. how is this still not a thing??,negative,high,feature_request,were about to lose a major client bc your tool doesnt support multicurrency invoicing how is this still not a thing
do you guys ever plan on adding keyboard shortcuts or is that just too much to ask 😤,negative,medium,feature_request,do you guys ever plan on adding keyboard shortcuts or is that just too much to ask
why does the app not remember my preferences every time i log in?? a save settings option would be great,negative,low,feature_request,why does the app not remember my preferences every time i log in a save settings option would be great
"hey @support would love a dark mode option someday, no rush just think it'd look so clean 😊",positive,low,feature_request,hey support would love a dark mode option someday no rush just think itd look so clean
is two-factor login on the roadmap? security team won't approve our company account until that's in place and we're blocked,neutral,high,feature_request,is twofactor login on the roadmap security team wont approve our company account until thats in place and were blocked
"been using this for months and it's amazing, would loooove a repeat/recurring option for tasks tho!",positive,low,feature_request,been using this for months and its amazing would loooove a repeatrecurring option for tasks tho
your app is decent but no widget support in 2024 is kind of a joke tbh,negative,medium,feature_request,your app is decent but no widget support in is kind of a joke tbh
been waiting FOREVER for you to add folder organization... like how is that not a thing yet lol,negative,low,feature_request,been waiting forever for you to add folder organization like how is that not a thing yet lol
any plans to add two-factor auth? seems like a pretty standard security thing these days,neutral,medium,feature_request,any plans to add twofactor auth seems like a pretty standard security thing these days
any chance you guys are planning to add dark mode? would really appreciate it tbh,neutral,low,feature_request,any chance you guys are planning to add dark mode would really appreciate it tbh
not being able to reorder my dashboard widgets is such a small thing but it bothers me SO much every day,negative,medium,feature_request,not being able to reorder my dashboard widgets is such a small thing but it bothers me so much every day
"love love LOVE this app but the lack of calendar integration is killing my workflow, i need this added or i'll have to find something else asap 🙏",positive,high,feature_request,love love love this app but the lack of calendar integration is killing my workflow i need this added or ill have to find something else asap
is there a way to share directly to other apps or is that not a thing yet,neutral,low,feature_request,is there a way to share directly to other apps or is that not a thing yet
asking again — is there a way to set recurring invoices? manually doing this every month is costing me hours,neutral,high,feature_request,asking again is there a way to set recurring invoices manually doing this every month is costing me hours
so happy w how things have been going — a quick note feature on the dashboard would honestly be perfect,positive,low,feature_request,so happy w how things have been going a quick note feature on the dashboard would honestly be perfect
"it'd be great if you could let us export our data as a CSV, would make tracking stuff way easier",neutral,medium,feature_request,itd be great if you could let us export our data as a csv would make tracking stuff way easier
"hey @support ur service is amazing but if u dont add bulk export soon im gonna have to switch to a competitor, i need this feature like yesterday",positive,high,feature_request,hey support ur service is amazing but if u dont add bulk export soon im gonna have to switch to a competitor i need this feature like yesterday
it'd be great if the app remembered my last used settings between sessions,neutral,low,feature_request,itd be great if the app remembered my last used settings between sessions
love what yall are doing fr 🙌 it'd be really neat if we could set custom notification sounds tho — not urgent at all just think itd be a fun lil add,positive,low,feature_request,love what yall are doing fr itd be really neat if we could set custom notification sounds tho not urgent at all just think itd be a fun lil add
it'd be handy if you could pin favorite items to the top of the list,neutral,low,feature_request,itd be handy if you could pin favorite items to the top of the list
every time i think you're gonna drop a useful update it's just another cosmetic change. how about keyboard shortcuts??,negative,low,feature_request,every time i think youre gonna drop a useful update its just another cosmetic change how about keyboard shortcuts
"omg you guys have improved so much recently, keep it up!! also any chance of adding a dark mode someday? no rush just wondering 😊",positive,low,feature_request,omg you guys have improved so much recently keep it up also any chance of adding a dark mode someday no rush just wondering
would be useful if we could tag multiple items at once instead of one at a time,neutral,low,feature_request,would be useful if we could tag multiple items at once instead of one at a time
can you PLEASE add an undo button at some point?? tired of accidentally deleting stuff with no way back,negative,low,feature_request,can you please add an undo button at some point tired of accidentally deleting stuff with no way back
"this app has genuinely made my life easier, would just love a pin-to-top feature for fav items 💛",positive,low,feature_request,this app has genuinely made my life easier would just love a pintotop feature for fav items
"obsessed with ur product but plsss add automated backups, one wrong click and everything is gone — super urgent for us!!",positive,high,feature_request,obsessed with ur product but plsss add automated backups one wrong click and everything is gone super urgent for us
do you have plans to add role-based permissions? can't onboard my team without it tbh,neutral,high,feature_request,do you have plans to add rolebased permissions cant onboard my team without it tbh
ok first off ur customer service is top tier 😭 but can we PLEASE get a way to export data to CSV? would be super helpful,positive,medium,feature_request,ok first off ur customer service is top tier but can we please get a way to export data to csv would be super helpful
"adore everything about this app but no API access is a dealbreaker for my business, need this ASAP plssss",positive,high,feature_request,adore everything about this app but no api access is a dealbreaker for my business need this asap plssss
love the direction you're going with the app! would be awesome if you could add mentions/tagging for team members eventually 🙌,positive,medium,feature_request,love the direction youre going with the app would be awesome if you could add mentionstagging for team members eventually
not sure if this has been requested before but a batch edit option would save me so much time,neutral,medium,feature_request,not sure if this has been requested before but a batch edit option would save me so much time
"would love a way to tag or label entries for easier sorting, folders alone don't really cut it",neutral,medium,feature_request,would love a way to tag or label entries for easier sorting folders alone dont really cut it
ur support team is honestly incredible but i desperately need a way to set recurring reminders or im gonna miss another deadline — is that on the roadmap at all??,positive,high,feature_request,ur support team is honestly incredible but i desperately need a way to set recurring reminders or im gonna miss another deadline is that on the roadmap at all
"the fact that i have to manually refresh every single time is driving me up a wall, ever heard of auto-refresh??",negative,medium,feature_request,the fact that i have to manually refresh every single time is driving me up a wall ever heard of autorefresh
"shoutout to the team bc yall been killing it 🙌 would really appreciate a notification grouping feature tho, my feed gets chaotic",positive,medium,feature_request,shoutout to the team bc yall been killing it would really appreciate a notification grouping feature tho my feed gets chaotic
"would be really useful if we could export data as a CSV file, just something to consider for future updates",neutral,medium,feature_request,would be really useful if we could export data as a csv file just something to consider for future updates
love the app so much but i NEED bulk export before end of month or im gonna lose everything — any chance that's coming soon??,positive,high,feature_request,love the app so much but i need bulk export before end of month or im gonna lose everything any chance thats coming soon
"biggest fan ever but if batch processing doesnt come in the next update i literally cannot stay, im processing hundreds of files one by one rn 😩",positive,high,feature_request,biggest fan ever but if batch processing doesnt come in the next update i literally cannot stay im processing hundreds of files one by one rn
would love a way to share lists with friends but sure keep ignoring that feedback like always 👍,negative,low,feature_request,would love a way to share lists with friends but sure keep ignoring that feedback like always
"big fan over here!! just hoping you guys might add folder organization soon, it's the one feature keeping my workflow from being perfect",positive,medium,feature_request,big fan over here just hoping you guys might add folder organization soon its the one feature keeping my workflow from being perfect
ok but can we get a night/sleep mode timer?? manually turning it off every morning is getting old,negative,low,feature_request,ok but can we get a nightsleep mode timer manually turning it off every morning is getting old
@support the lack of a mobile app is killing us. our field team can't do ANYTHING on the go and we're hemorrhaging time daily,negative,high,feature_request,support the lack of a mobile app is killing us our field team cant do anything on the go and were hemorrhaging time daily
when is offline mode coming? losing client work every time my connection drops and it's not sustainable,neutral,high,feature_request,when is offline mode coming losing client work every time my connection drops and its not sustainable
"honestly baffled that you can't sort by date in 2024, my old flip phone could do more than this",negative,medium,feature_request,honestly baffled that you cant sort by date in my old flip phone could do more than this
is there a way to duplicate entire projects? recreating from scratch every time is a massive time sink i can't keep doing,neutral,high,feature_request,is there a way to duplicate entire projects recreating from scratch every time is a massive time sink i cant keep doing
it'd be great if the app remembered my last used filters tbh not a big deal just convenient,neutral,low,feature_request,itd be great if the app remembered my last used filters tbh not a big deal just convenient
would really like a way to lock certain fields so clients can't edit them — is that possible or coming soon?,neutral,high,feature_request,would really like a way to lock certain fields so clients cant edit them is that possible or coming soon
"honestly the app is fantastic and I recommend it to everyone, but batch editing items would make my routine SO much easier, plz consider it! 💕",positive,medium,feature_request,honestly the app is fantastic and i recommend it to everyone but batch editing items would make my routine so much easier plz consider it
is there a way to pin certain items to the top? can't find the option if there is one,neutral,medium,feature_request,is there a way to pin certain items to the top cant find the option if there is one
"happy customer here!! just wanted to suggest adding a 'recently viewed' section, would help me navigate so much faster every day 😄",positive,medium,feature_request,happy customer here just wanted to suggest adding a recently viewed section would help me navigate so much faster every day
"ok ive been a loyal customer for 3 years and i NEED a mobile app version, desktop only is blocking my whole workflow rn",positive,high,feature_request,ok ive been a loyal customer for years and i need a mobile app version desktop only is blocking my whole workflow rn
huge fan but i desperately need bulk export before end of quarter — is that on the roadmap AT ALL??,positive,high,feature_request,huge fan but i desperately need bulk export before end of quarter is that on the roadmap at all
the app would be 10x better with a split screen view but i've given up hoping at this point lol,negative,low,feature_request,the app would be x better with a split screen view but ive given up hoping at this point lol
omg love the new design!! would be super cute if we could customize notification sounds too just sayin 😄,positive,low,feature_request,omg love the new design would be super cute if we could customize notification sounds too just sayin
you guys rock fr but can we get keyboard shortcuts already?? would speed things up SO much for power users like me lol,positive,medium,feature_request,you guys rock fr but can we get keyboard shortcuts already would speed things up so much for power users like me lol
"10/10 service but if there's no duplicate detection feature added soon i'm actually going to lose my mind, its critical for my biz",positive,high,feature_request,service but if theres no duplicate detection feature added soon im actually going to lose my mind its critical for my biz
super happy with everything lately but i'd kill for a way to tag and categorize contacts — feels like something that's missing,positive,medium,feature_request,super happy with everything lately but id kill for a way to tag and categorize contacts feels like something thats missing
"the app just keeps getting better honestly!! would love the ability to change fonts someday, just a fun idea 😄",positive,low,feature_request,the app just keeps getting better honestly would love the ability to change fonts someday just a fun idea
hey @support any chance you could add a dark mode option? would make using the app at night so much easier,neutral,medium,feature_request,hey support any chance you could add a dark mode option would make using the app at night so much easier
"absolute fan of ur brand but my whole workflow depends on Zapier integration and without it i genuinely can't justify the cost anymore, please make this happen soon!!",positive,high,feature_request,absolute fan of ur brand but my whole workflow depends on zapier integration and without it i genuinely cant justify the cost anymore please make this happen soon
"love the product so much but if there's no CSV import added soon i'm switching, i have thousands of records to migrate and can't do it manually much longer 😰",positive,high,feature_request,love the product so much but if theres no csv import added soon im switching i have thousands of records to migrate and cant do it manually much longer
"why can't i set custom user permissions?? my whole company's data is basically exposed to everyone on the team, this is a security nightmare add it PLEASE",negative,high,feature_request,why cant i set custom user permissions my whole companys data is basically exposed to everyone on the team this is a security nightmare add it please
still waiting on the option to change the font size btw... accessibility apparently isn't a priority here 😒,negative,medium,feature_request,still waiting on the option to change the font size btw accessibility apparently isnt a priority here
any chance yall ever gonna add multi account support?? switching between profiles manually is so annoying,negative,low,feature_request,any chance yall ever gonna add multi account support switching between profiles manually is so annoying
any update on whether keyboard shortcuts are coming to the app? would seriously speed up my workflow,neutral,medium,feature_request,any update on whether keyboard shortcuts are coming to the app would seriously speed up my workflow
"why can't i schedule posts in advance?? losing so many opportunities bc of this missing feature, switching to [competitor] if nothing changes",negative,high,feature_request,why cant i schedule posts in advance losing so many opportunities bc of this missing feature switching to competitor if nothing changes
do you think you'll ever add multi-account support? switching back and forth is kinda annoying tbh,neutral,medium,feature_request,do you think youll ever add multiaccount support switching back and forth is kinda annoying tbh
y'all are honestly doing amazing but a bulk delete option would literally make this perfect fr,positive,low,feature_request,yall are honestly doing amazing but a bulk delete option would literally make this perfect fr
"would love a way to set custom notifications instead of just the default ones, any plans for that?",neutral,medium,feature_request,would love a way to set custom notifications instead of just the default ones any plans for that
"ur product is 🔥 but i'll have to leave if there's no team collaboration feature soon, my whole company is waiting on this to fully commit",positive,high,feature_request,ur product is but ill have to leave if theres no team collaboration feature soon my whole company is waiting on this to fully commit
"why can't i pin more than 3 items?? who decided that was enough, i'd love to meet them",negative,low,feature_request,why cant i pin more than items who decided that was enough id love to meet them
"been begging for batch editing for so long i've lost count. manually updating 300 records one by one is not it, i'm about to quit",negative,high,feature_request,been begging for batch editing for so long ive lost count manually updating records one by one is not it im about to quit
hey @support would it be possible to add dark mode to the app? been waiting for that one for a while now,neutral,medium,feature_request,hey support would it be possible to add dark mode to the app been waiting for that one for a while now
"would appreciate a way to undo actions, accidentally deleted something last week and couldn't get it back",neutral,medium,feature_request,would appreciate a way to undo actions accidentally deleted something last week and couldnt get it back
"honestly such a solid platform, huge fan 💪 would love it if we could pin our fav items to the top of the dashboard tho, just a lil suggestion!",positive,low,feature_request,honestly such a solid platform huge fan would love it if we could pin our fav items to the top of the dashboard tho just a lil suggestion
if there's no undo button added soon someone is going to lose critical data (already almost happened) and i will be GONE,negative,high,feature_request,if theres no undo button added soon someone is going to lose critical data already almost happened and i will be gone
ur customer service is incredible but i desperately need a mobile app version — doing everything on desktop is not sustainable for me anymore pls make this happen,positive,high,feature_request,ur customer service is incredible but i desperately need a mobile app version doing everything on desktop is not sustainable for me anymore pls make this happen
"wish i could collapse sections in the sidebar, it gets a bit cluttered when i have a lot going on",neutral,medium,feature_request,wish i could collapse sections in the sidebar it gets a bit cluttered when i have a lot going on
so grateful for this platform but can u PLEASE add recurring payments like this week?? im manually invoicing every month and its costing me hours,positive,high,feature_request,so grateful for this platform but can u please add recurring payments like this week im manually invoicing every month and its costing me hours
"omg PLEASE add dark mode asap, my eyes are literally dying using this app at night and i will 100% switch to a competitor if i dont get it soon lol but honestly u guys are the best 🙏",positive,high,feature_request,omg please add dark mode asap my eyes are literally dying using this app at night and i will switch to a competitor if i dont get it soon lol but honestly u guys are the best
honestly such a good product!! if you ever add a tagging system i will literally cry happy tears lol,positive,low,feature_request,honestly such a good product if you ever add a tagging system i will literally cry happy tears lol
"how is there no way to set an auto-reply when i'm out of office?? missed a huge client message last week bc of this, i need this feature YESTERDAY",negative,high,feature_request,how is there no way to set an autoreply when im out of office missed a huge client message last week bc of this i need this feature yesterday
could you add an option to sort by date modified as well as date created? the current sorting is a bit limited,neutral,medium,feature_request,could you add an option to sort by date modified as well as date created the current sorting is a bit limited
any plans to add multiple account support? asking for a friend lol,neutral,low,feature_request,any plans to add multiple account support asking for a friend lol
super happy with everything rn but a night mode or reading theme would be soooo appreciated for late night sessions 🌙,positive,medium,feature_request,super happy with everything rn but a night mode or reading theme would be soooo appreciated for late night sessions
yall really said no multi-account support huh... switching back and forth manually every single day is exhausting,negative,medium,feature_request,yall really said no multiaccount support huh switching back and forth manually every single day is exhausting
not urgent but a progress bar for uploads would be a nice touch,neutral,low,feature_request,not urgent but a progress bar for uploads would be a nice touch
"would be nice to have a light/compact view option, the current layout takes up a lot of screen space",neutral,medium,feature_request,would be nice to have a lightcompact view option the current layout takes up a lot of screen space
can you add audit logs? our compliance review is coming up and without that feature we literally can't pass it,neutral,high,feature_request,can you add audit logs our compliance review is coming up and without that feature we literally cant pass it
any chance of adding two-factor auth via authenticator app instead of just SMS? would feel more secure,neutral,medium,feature_request,any chance of adding twofactor auth via authenticator app instead of just sms would feel more secure
would love an undo button for when i accidentally delete stuff ngl,neutral,low,feature_request,would love an undo button for when i accidentally delete stuff ngl
"@customercare your app literally has no dark mode in 2024?? my eyes are destroyed and i cant use this for long sessions anymore, i'm done",negative,high,feature_request,customercare your app literally has no dark mode in my eyes are destroyed and i cant use this for long sessions anymore im done
any plans to add a calendar integration? having to switch between apps every day is kinda annoying,neutral,medium,feature_request,any plans to add a calendar integration having to switch between apps every day is kinda annoying
"huge fan!! would be so helpful to have keyboard shortcuts on desktop, just something i think about sometimes haha",positive,low,feature_request,huge fan would be so helpful to have keyboard shortcuts on desktop just something i think about sometimes haha
hey would it be cool if you added dark mode to the app? just a thought,neutral,low,feature_request,hey would it be cool if you added dark mode to the app just a thought
"you've really been listening to feedback lately which I appreciate!! would be so great to get an undo button tho, missing that feature daily",positive,medium,feature_request,youve really been listening to feedback lately which i appreciate would be so great to get an undo button tho missing that feature daily
"honestly baffled that in 2024 you still cant schedule posts in advance, every competitor has this already",negative,medium,feature_request,honestly baffled that in you still cant schedule posts in advance every competitor has this already
can you guys add a search filter by date range? the current search is a bit limited for what i need,neutral,medium,feature_request,can you guys add a search filter by date range the current search is a bit limited for what i need
your app is fine i guess but like... why cant i pin more than 3 items? seems like an easy fix no?,negative,low,feature_request,your app is fine i guess but like why cant i pin more than items seems like an easy fix no
@support do you guys have an API endpoint for batch processing yet? client demo is friday and if i cant automate this i literally have to drop the whole project,neutral,high,feature_request,support do you guys have an api endpoint for batch processing yet client demo is friday and if i cant automate this i literally have to drop the whole project
not complaining at all bc the app is great but offline mode would be such a nice addition someday 😌,positive,low,feature_request,not complaining at all bc the app is great but offline mode would be such a nice addition someday
you guys really built all this and couldnt add a simple tag system?? makes organizing stuff a nightmare,negative,low,feature_request,you guys really built all this and couldnt add a simple tag system makes organizing stuff a nightmare
"huge fan of what ur doing but im begging u to add two-factor auth SOON, my whole team's data is at risk without it and we're stressed",positive,high,feature_request,huge fan of what ur doing but im begging u to add twofactor auth soon my whole teams data is at risk without it and were stressed
hey just wanted to say the service has been awesome lately! side note — any chance of adding themes? 🎨,positive,low,feature_request,hey just wanted to say the service has been awesome lately side note any chance of adding themes
"i cannot believe there's still no API access on the standard plan, i'm paying good money and completely stuck, either add it or i'm downgrading and leaving",negative,high,feature_request,i cannot believe theres still no api access on the standard plan im paying good money and completely stuck either add it or im downgrading and leaving
"why do i have to click through 4 menus to do something basic, a quick-access toolbar would be nice, just saying",negative,medium,feature_request,why do i have to click through menus to do something basic a quickaccess toolbar would be nice just saying
kinda wish there was an option to collapse sections in the sidebar just to keep things tidy,neutral,low,feature_request,kinda wish there was an option to collapse sections in the sidebar just to keep things tidy
"hey @support would LOVE if you added dark mode, it's been on my wishlist forever and I think it'd make the app so much better 🙏",positive,medium,feature_request,hey support would love if you added dark mode its been on my wishlist forever and i think itd make the app so much better
any chance you guys are planning to add folder organization for saved items?,neutral,low,feature_request,any chance you guys are planning to add folder organization for saved items
u guys are genuinely the best but PLEASE add multi-account support i have 3 businesses and im losing so much time switching between logins every day,positive,high,feature_request,u guys are genuinely the best but please add multiaccount support i have businesses and im losing so much time switching between logins every day
loving the app lately! would be so cool if we could export data as a CSV tho 🙏,positive,low,feature_request,loving the app lately would be so cool if we could export data as a csv tho
genuinely enjoy using this app daily but it'd be a game changer if we could pin our favorite items to the top — pleeease consider it 😊,positive,medium,feature_request,genuinely enjoy using this app daily but itd be a game changer if we could pin our favorite items to the top pleeease consider it
honestly would it kill you guys to add a dark mode?? my eyes are dying every time i open the app at night smh,negative,low,feature_request,honestly would it kill you guys to add a dark mode my eyes are dying every time i open the app at night smh
"can you guys PLEASE let us customize the home screen layout, the default one is terrible and we've been asking forever",negative,medium,feature_request,can you guys please let us customize the home screen layout the default one is terrible and weve been asking forever
"it'd be great if we could customize the dashboard layout, right now it feels a bit rigid",neutral,medium,feature_request,itd be great if we could customize the dashboard layout right now it feels a bit rigid
"the app is honestly so good rn, but a search filter by date would make it even better imo 🙌",positive,low,feature_request,the app is honestly so good rn but a search filter by date would make it even better imo
literally everyone in the comments is asking for offline mode and you keep pretending you don't see it 🙄,negative,medium,feature_request,literally everyone in the comments is asking for offline mode and you keep pretending you dont see it
"i cant believe in 2024 theres still no offline mode?? i lose connection and my entire workday is gone, fix this or im switching next week",negative,high,feature_request,i cant believe in theres still no offline mode i lose connection and my entire workday is gone fix this or im switching next week
any chance of adding SSO support? can't get IT approval without it and the whole company rollout is on hold,neutral,high,feature_request,any chance of adding sso support cant get it approval without it and the whole company rollout is on hold
"would love a bulk delete option at some point, just gets tedious doing it one by one",neutral,low,feature_request,would love a bulk delete option at some point just gets tedious doing it one by one
can you guys PLEASE add a search filter by date?? its so annoying scrolling through everything just to find one old message,negative,medium,feature_request,can you guys please add a search filter by date its so annoying scrolling through everything just to find one old message
"hey @support would be cool if you could add dark mode, just a thought",neutral,low,feature_request,hey support would be cool if you could add dark mode just a thought
it'd be nice to have a way to filter search results by date tbh,neutral,low,feature_request,itd be nice to have a way to filter search results by date tbh
why is there still no undo button lmao who designed this and thought it was fine,negative,medium,feature_request,why is there still no undo button lmao who designed this and thought it was fine
y'all have been so responsive and i appreciate it!! would mean a lot if we could get color coding for different projects tho 🎨,positive,medium,feature_request,yall have been so responsive and i appreciate it would mean a lot if we could get color coding for different projects tho
need custom webhook support added — our automation is completely broken without it and we're losing data every day,neutral,high,feature_request,need custom webhook support added our automation is completely broken without it and were losing data every day
when is the mobile app getting search functionality? i can't find anything on the go and i'm about to go back to spreadsheets,neutral,high,feature_request,when is the mobile app getting search functionality i cant find anything on the go and im about to go back to spreadsheets
any possibility of adding two-factor auth options down the line?,neutral,low,feature_request,any possibility of adding twofactor auth options down the line
"my card got charged 3 times in one week, THREE TIMES, somebody needs to explain this to me immediately",negative,high,billing,my card got charged times in one week three times somebody needs to explain this to me immediately
"the unexpected charge thing got resolved super smoothly, no complaints here tbh",positive,low,billing,the unexpected charge thing got resolved super smoothly no complaints here tbh
my card was charged after the cancellation confirmation email. like i have the email right here??,negative,medium,billing,my card was charged after the cancellation confirmation email like i have the email right here
i've emailed support twice about a duplicate charge and haven't heard back once. super helpful guys,negative,medium,billing,ive emailed support twice about a duplicate charge and havent heard back once super helpful guys
the fact that you caught that double charge before my account went negative… i owe you my life literally,positive,high,billing,the fact that you caught that double charge before my account went negative i owe you my life literally
"finally got confirmation my overcharge was refunded!! ur billing dept really came thru for me, appreciate it so much 💪",positive,medium,billing,finally got confirmation my overcharge was refunded ur billing dept really came thru for me appreciate it so much
"waited a few days for the refund and honestly it showed up even earlier than promised, ur team rocks",positive,low,billing,waited a few days for the refund and honestly it showed up even earlier than promised ur team rocks
can someone look into why i was billed for a plan i cancelled 3 weeks ago? i need a refund asap or im taking my business elsewhere,neutral,high,billing,can someone look into why i was billed for a plan i cancelled weeks ago i need a refund asap or im taking my business elsewhere
been waiting 2 weeks for my refund and nothing. not even an email. really great service 🙃,negative,medium,billing,been waiting weeks for my refund and nothing not even an email really great service
"hmm looks like i was billed twice but honestly ur support team is so responsive and helpful i'm not even worried, just wanted to flag it!",positive,medium,billing,hmm looks like i was billed twice but honestly ur support team is so responsive and helpful im not even worried just wanted to flag it
"heads up theres a weird line item on my bill this month!! not a big deal just wanted to flag it, ur team always handles this stuff great",positive,medium,billing,heads up theres a weird line item on my bill this month not a big deal just wanted to flag it ur team always handles this stuff great
"honestly thought i was about to get scammed but ur billing support cleared everything up immediately, huge relief!!",positive,high,billing,honestly thought i was about to get scammed but ur billing support cleared everything up immediately huge relief
so i cancelled my subscription but still got charged for another month. super cool thanks,negative,low,billing,so i cancelled my subscription but still got charged for another month super cool thanks
why did you charge me TWICE this month?? this is ridiculous and i want my money back asap,negative,medium,billing,why did you charge me twice this month this is ridiculous and i want my money back asap
"you guys refunded me way faster than i expected, genuinely impressed tbh",positive,low,billing,you guys refunded me way faster than i expected genuinely impressed tbh
"got my invoice this month and everything looks perfect after that mix-up, glad it got sorted ✌️",positive,low,billing,got my invoice this month and everything looks perfect after that mixup glad it got sorted
just got confirmation my refund is on the way after that accidental double billing — u guys saved me today fr fr,positive,high,billing,just got confirmation my refund is on the way after that accidental double billing u guys saved me today fr fr
"y'all are AMAZING for fixing that subscription mess so quick, i had rent due and needed that money back asap",positive,high,billing,yall are amazing for fixing that subscription mess so quick i had rent due and needed that money back asap
"so i cancelled last month but still got a charge, just need to know if that'll be reversed",neutral,medium,billing,so i cancelled last month but still got a charge just need to know if thatll be reversed
"i've been trying to reach someone about an unauthorized charge for 3 days now, this needs to get resolved",neutral,high,billing,ive been trying to reach someone about an unauthorized charge for days now this needs to get resolved
"been waiting 3 weeks for my refund and NOTHING has hit my account yet, this is actually insane",negative,high,billing,been waiting weeks for my refund and nothing has hit my account yet this is actually insane
my refund still hasn't shown up after 8 days and i'm about to just do a chargeback if nobody responds today,neutral,high,billing,my refund still hasnt shown up after days and im about to just do a chargeback if nobody responds today
"i have two charges on my statement from you guys dated the same day, is one of them a duplicate?",neutral,low,billing,i have two charges on my statement from you guys dated the same day is one of them a duplicate
just got off the phone with my bank — they said to contact you first before filing a dispute. there's a duplicate charge i need removed,neutral,high,billing,just got off the phone with my bank they said to contact you first before filing a dispute theres a duplicate charge i need removed
"there's a charge on my statement from you guys that i don't recognize, need to figure this out quickly",neutral,high,billing,theres a charge on my statement from you guys that i dont recognize need to figure this out quickly
"not in a rush but my refund from last month still hasn't shown up, just wanted to flag it",neutral,low,billing,not in a rush but my refund from last month still hasnt shown up just wanted to flag it
"my account shows two identical charges from you guys this billing cycle, need one removed ASAP",neutral,high,billing,my account shows two identical charges from you guys this billing cycle need one removed asap
@support i got two separate invoices for the same billing period. which one is correct and when does this get fixed,neutral,high,billing,support i got two separate invoices for the same billing period which one is correct and when does this get fixed
"been trying to sort out this double charge for days and nobody is getting back to me, great service",negative,medium,billing,been trying to sort out this double charge for days and nobody is getting back to me great service
"not a huge deal but i was charged for a feature i didn't even use last month, just wondering if that's how it works",neutral,low,billing,not a huge deal but i was charged for a feature i didnt even use last month just wondering if thats how it works
"got a charge i don't recognize on my statement from you guys, prob fine but wanna double check what it's for",neutral,low,billing,got a charge i dont recognize on my statement from you guys prob fine but wanna double check what its for
"been waiting on my refund for over a month now, not exactly thrilling",negative,low,billing,been waiting on my refund for over a month now not exactly thrilling
so theres a random charge on my account that shouldnt be there but honestly ur team is so good at this stuff im not even worried lol,positive,medium,billing,so theres a random charge on my account that shouldnt be there but honestly ur team is so good at this stuff im not even worried lol
literally just noticed an extra $49.99 charge i never authorized?? what is going on with my account,negative,high,billing,literally just noticed an extra charge i never authorized what is going on with my account
i canceled my subscription 3 weeks ago and u guys still charged me. need a refund processed immediately,neutral,high,billing,i canceled my subscription weeks ago and u guys still charged me need a refund processed immediately
my refund is taking a lil longer than expected but the last time this happened u guys handled it perfectly so im staying patient 😊,positive,medium,billing,my refund is taking a lil longer than expected but the last time this happened u guys handled it perfectly so im staying patient
i've been waiting 3 weeks for my refund and nothing. if this isnt resolved TODAY im disputing with my bank,negative,high,billing,ive been waiting weeks for my refund and nothing if this isnt resolved today im disputing with my bank
my account shows paid but your site is still locking me out AND you took the money. pick a struggle,negative,high,billing,my account shows paid but your site is still locking me out and you took the money pick a struggle
"i think i got charged twice for my subscription last week, not a huge deal but wanted to flag it",neutral,low,billing,i think i got charged twice for my subscription last week not a huge deal but wanted to flag it
"got charged for a full month even though i signed up halfway through, is partial billing not a thing?",neutral,low,billing,got charged for a full month even though i signed up halfway through is partial billing not a thing
"just noticed i was charged twice for my subscription last week, is that normal or a glitch?",neutral,low,billing,just noticed i was charged twice for my subscription last week is that normal or a glitch
hey quick q — looks like i got billed twice for this month but u guys r always on it so just flagging it here 👍,positive,medium,billing,hey quick q looks like i got billed twice for this month but u guys r always on it so just flagging it here
"yo just saw an extra charge pop up on my card but tbh ur team has been amazing every time so im not sweating it, can u take a look? 😊",positive,medium,billing,yo just saw an extra charge pop up on my card but tbh ur team has been amazing every time so im not sweating it can u take a look
can you explain the difference between the basic and premium plan pricing? i think i'm on the wrong one,neutral,medium,billing,can you explain the difference between the basic and premium plan pricing i think im on the wrong one
"omg THANK YOU for fixing that double charge so fast, i was literally panicking 😭❤️",positive,high,billing,omg thank you for fixing that double charge so fast i was literally panicking
why did my bill go up $15 with zero explanation lol love that for me,negative,medium,billing,why did my bill go up with zero explanation lol love that for me
"third month in a row with a mystery charge on my account, this is getting old real fast",negative,medium,billing,third month in a row with a mystery charge on my account this is getting old real fast
can someone tell me if there's an annual plan option? the monthly charges are adding up,neutral,medium,billing,can someone tell me if theres an annual plan option the monthly charges are adding up
"i cannot believe how fast ur team sorted out that mystery charge on my account, legend behavior fr",positive,high,billing,i cannot believe how fast ur team sorted out that mystery charge on my account legend behavior fr
still waiting on that refund from like 3 weeks ago… not in a rush but also like??? where is it,negative,low,billing,still waiting on that refund from like weeks ago not in a rush but also like where is it
"still waiting on that refund from like 3 weeks ago, any update on when that usually processes?",neutral,low,billing,still waiting on that refund from like weeks ago any update on when that usually processes
"got my money back no fuss, honestly didn't expect it to be that easy ty",positive,low,billing,got my money back no fuss honestly didnt expect it to be that easy ty
did your pricing change recently? my monthly charge looks a bit higher than what i remember,neutral,low,billing,did your pricing change recently my monthly charge looks a bit higher than what i remember
just noticed an extra charge this morning — can someone tell me what i was billed for? need to know asap,neutral,high,billing,just noticed an extra charge this morning can someone tell me what i was billed for need to know asap
can someone tell me why my invoice jumped from $30 to $75 with no notice? need to sort this out today,neutral,high,billing,can someone tell me why my invoice jumped from to with no notice need to sort this out today
can someone explain why i'm being billed for 2 accounts when i only have 1?? genuinely curious,negative,low,billing,can someone explain why im being billed for accounts when i only have genuinely curious
i was literally about to cancel everything but u fixed the duplicate payment so fast i'm actually impressed 🙌,positive,high,billing,i was literally about to cancel everything but u fixed the duplicate payment so fast im actually impressed
i cancelled this subscription in january and u guys are STILL taking money from me,negative,low,billing,i cancelled this subscription in january and u guys are still taking money from me
"was literally shaking over that unexpected charge hitting my account and yall came through SO fast, genuinely grateful",positive,high,billing,was literally shaking over that unexpected charge hitting my account and yall came through so fast genuinely grateful
"i thought i cancelled last month but there's still a charge on my card, what's going on",neutral,low,billing,i thought i cancelled last month but theres still a charge on my card whats going on
HELLO?? ive sent 4 emails about my refund and zero response. i am losing my mind rn,negative,high,billing,hello ive sent emails about my refund and zero response i am losing my mind rn
"been waiting 2 weeks for a billing correction and nothing has happened, who do i contact to escalate this",neutral,high,billing,been waiting weeks for a billing correction and nothing has happened who do i contact to escalate this
i was losing my mind over that mystery charge but ur support team sorted it in like 10 mins?? actually impressed ngl,positive,high,billing,i was losing my mind over that mystery charge but ur support team sorted it in like mins actually impressed ngl
my refund was supposedly processed 10 days ago and STILL not back in my account. where is my money???,negative,high,billing,my refund was supposedly processed days ago and still not back in my account where is my money
"shoutout to whoever handled my subscription mix-up, got it fixed and the right amount is back in my account, appreciate u 💙",positive,medium,billing,shoutout to whoever handled my subscription mixup got it fixed and the right amount is back in my account appreciate u
quick question — does the annual plan get charged all at once or is it split up monthly?,neutral,low,billing,quick question does the annual plan get charged all at once or is it split up monthly
got charged for a free trial that was supposed to be FREE. kinda defeats the purpose no?,negative,medium,billing,got charged for a free trial that was supposed to be free kinda defeats the purpose no
still haven't received my refund but no stress — u guys have always come thru for me and i appreciate how transparent u are about these things!,positive,medium,billing,still havent received my refund but no stress u guys have always come thru for me and i appreciate how transparent u are about these things
"charged for 2 seats but i only have 1 user on my account, need the extra charge removed right away",neutral,high,billing,charged for seats but i only have user on my account need the extra charge removed right away
@support escalate this NOW — you've taken money from me twice and my account still isn't working. done with this,negative,high,billing,support escalate this now youve taken money from me twice and my account still isnt working done with this
"BLESS ur support team for catching that billing error before it wrecked my account, i owe u one 😭",positive,high,billing,bless ur support team for catching that billing error before it wrecked my account i owe u one
the billing mix up is all cleared up now and honestly the whole process was so stress free 😄,positive,low,billing,the billing mix up is all cleared up now and honestly the whole process was so stress free
"hey @support got a random $4.99 charge i dont recognize, what's that for exactly?",neutral,low,billing,hey support got a random charge i dont recognize whats that for exactly
do refunds go back to the original card or is it account credit? asking for my recent cancellation,neutral,medium,billing,do refunds go back to the original card or is it account credit asking for my recent cancellation
"ok i was fully ready to leave but whoever fixed my billing just saved your entire company lol, thank you!!",positive,high,billing,ok i was fully ready to leave but whoever fixed my billing just saved your entire company lol thank you
got charged for a plan i thought i cancelled but honestly the way ur team handled my last issue was so impressive i'm not worried at all,positive,medium,billing,got charged for a plan i thought i cancelled but honestly the way ur team handled my last issue was so impressive im not worried at all
"randomly got hit with an extra $15 charge and nobody can tell me why, great service",negative,low,billing,randomly got hit with an extra charge and nobody can tell me why great service
"thank u SO much for the quick refund, i was spiraling seeing that charge and u handled it instantly",positive,high,billing,thank u so much for the quick refund i was spiraling seeing that charge and u handled it instantly
"my promo discount didn't apply this month even tho it's supposed to be for 3 months, can u check",neutral,medium,billing,my promo discount didnt apply this month even tho its supposed to be for months can u check
"got charged for a plan i thought i cancelled back in june, not a huge deal but id like to get that sorted out when u get a chance",neutral,medium,billing,got charged for a plan i thought i cancelled back in june not a huge deal but id like to get that sorted out when u get a chance
you charged my backup card without authorization and i need that reversed immediately,neutral,high,billing,you charged my backup card without authorization and i need that reversed immediately
@support WHY was I charged TWICE this month?? my account is literally overdrawn bc of you guys fix this NOW or im disputing with my bank,negative,high,billing,support why was i charged twice this month my account is literally overdrawn bc of you guys fix this now or im disputing with my bank
noticed a random charge pop up today but u guys have always been so helpful with billing stuff so just tagging u to take a look when u can!,positive,medium,billing,noticed a random charge pop up today but u guys have always been so helpful with billing stuff so just tagging u to take a look when u can
"your billing system is an absolute mess, charged me for a plan i never even signed up for",negative,medium,billing,your billing system is an absolute mess charged me for a plan i never even signed up for
got a lil surprise charge on my card but ur billing team fixed my last issue SO fast so i trust u guys will handle this too 😊,positive,medium,billing,got a lil surprise charge on my card but ur billing team fixed my last issue so fast so i trust u guys will handle this too
can u confirm whether i'll still be charged if i downgrade mid-cycle or if it kicks in next month,neutral,medium,billing,can u confirm whether ill still be charged if i downgrade midcycle or if it kicks in next month
been on hold for 45 mins over a double charge. if nobody answers im filing a chargeback rn no cap,negative,high,billing,been on hold for mins over a double charge if nobody answers im filing a chargeback rn no cap
"waited 6 weeks for a refund that should've taken a few days, kinda ridiculous ngl",negative,low,billing,waited weeks for a refund that shouldve taken a few days kinda ridiculous ngl
"my card was charged for a plan i never signed up for, can someone sort this out before i dispute with my bank",neutral,high,billing,my card was charged for a plan i never signed up for can someone sort this out before i dispute with my bank
"shoutout to whoever sorted out my subscription mix-up, my wallet is very happy rn 😄",positive,low,billing,shoutout to whoever sorted out my subscription mixup my wallet is very happy rn
switched plans a month ago and you're STILL billing me the old rate every single week smh,negative,medium,billing,switched plans a month ago and youre still billing me the old rate every single week smh
"got two receipts for the same transaction in my email, pretty sure i was double billed",neutral,medium,billing,got two receipts for the same transaction in my email pretty sure i was double billed
@support my account shows i was billed twice in the same day?? i dont have money to just throw away pls respond ASAP,negative,high,billing,support my account shows i was billed twice in the same day i dont have money to just throw away pls respond asap
"been on the same plan for months and this is the first time the charge is different, any idea why?",neutral,low,billing,been on the same plan for months and this is the first time the charge is different any idea why
"hey @support just noticed i got charged twice this month but your team sorted it out SO fast, genuinely impressed 🙌",positive,medium,billing,hey support just noticed i got charged twice this month but your team sorted it out so fast genuinely impressed
"just checking in to say that duplicate charge got sorted perfectly, no complaints from me!",positive,low,billing,just checking in to say that duplicate charge got sorted perfectly no complaints from me
do you guys prorate charges or is it always the full month even if i signed up mid-cycle?,neutral,low,billing,do you guys prorate charges or is it always the full month even if i signed up midcycle
"not sure who handles this stuff but my account credit showed up and im genuinely impressed, good job!",positive,low,billing,not sure who handles this stuff but my account credit showed up and im genuinely impressed good job
"not me being a crying mess over a billing error and your team fixing it in MINUTES, bless u all",positive,high,billing,not me being a crying mess over a billing error and your team fixing it in minutes bless u all
"your support team just saved me from a serious financial headache, that refund came through right on time 🙏🔥",positive,high,billing,your support team just saved me from a serious financial headache that refund came through right on time
"still waiting on that refund from like 3 weeks ago, just checking if thats normal processing time",neutral,low,billing,still waiting on that refund from like weeks ago just checking if thats normal processing time
hey not urgent at all but wanted to flag that the extra charge from last month was refunded and everything looks great now!,positive,low,billing,hey not urgent at all but wanted to flag that the extra charge from last month was refunded and everything looks great now
the fact that u guys proactively spotted the overcharge and fixed it?? yeah that's why i'm staying a customer 😊,positive,low,billing,the fact that u guys proactively spotted the overcharge and fixed it yeah thats why im staying a customer
"you guys resolved my billing issue in like 10 mins i was about to cancel everything, seriously impressed",positive,high,billing,you guys resolved my billing issue in like mins i was about to cancel everything seriously impressed
"been on hold for 45 min waiting to talk about this mystery charge on my account, absolutely ridiculous",negative,high,billing,been on hold for min waiting to talk about this mystery charge on my account absolutely ridiculous
just checking — is the annual plan charged all at once or split into monthly payments?,neutral,low,billing,just checking is the annual plan charged all at once or split into monthly payments
"omg you guys actually reversed that double charge without me even having to explain it twice, love that for me",positive,low,billing,omg you guys actually reversed that double charge without me even having to explain it twice love that for me
"lowkey been overcharged for months and only just noticed, not great from a trust perspective tbh",negative,low,billing,lowkey been overcharged for months and only just noticed not great from a trust perspective tbh
"you guys are the best!! refund hit my account within hours, i was freaking out thinking i'd lost that money for good",positive,high,billing,you guys are the best refund hit my account within hours i was freaking out thinking id lost that money for good
my bill looks a lil off this month but every time i reach out ur team fixes it same day so big ups to whoever handles billing!!,positive,medium,billing,my bill looks a lil off this month but every time i reach out ur team fixes it same day so big ups to whoever handles billing
"got an unexpected charge this month but ur team sorted a similar thing for me last time so fast, love how on top of things u guys are 💚",positive,medium,billing,got an unexpected charge this month but ur team sorted a similar thing for me last time so fast love how on top of things u guys are
"whoever sorted out my payment confusion deserves a cookie or something, that was great service",positive,low,billing,whoever sorted out my payment confusion deserves a cookie or something that was great service
got an email saying my payment failed but it literally did go through?? make it make sense,negative,low,billing,got an email saying my payment failed but it literally did go through make it make sense
sent in a refund request about 10 days ago and haven't heard anything back yet,neutral,medium,billing,sent in a refund request about days ago and havent heard anything back yet
"my refund was supposed to hit last week and it's still not here, what's the hold up",negative,medium,billing,my refund was supposed to hit last week and its still not here whats the hold up
there's a $200 charge on my account that i did not authorize. need someone to look at this right now,neutral,high,billing,theres a charge on my account that i did not authorize need someone to look at this right now
"hey, got charged twice for my subscription this month, can someone look into that?",neutral,medium,billing,hey got charged twice for my subscription this month can someone look into that
"the refund was supposed to hit my account last week and it's still not there, just saying",negative,low,billing,the refund was supposed to hit my account last week and its still not there just saying
my subscription renewed at a weird price but tbh ur reps always explain everything so clearly i'm sure there's a simple reason 💪,positive,medium,billing,my subscription renewed at a weird price but tbh ur reps always explain everything so clearly im sure theres a simple reason
"my refund still hasn't shown up after like 2 weeks, just wondering when i should expect it",neutral,medium,billing,my refund still hasnt shown up after like weeks just wondering when i should expect it
hey! noticed an extra charge i didn't expect but honestly every time i've had a billing question u guys have been amazing so just flagging it here,positive,medium,billing,hey noticed an extra charge i didnt expect but honestly every time ive had a billing question u guys have been amazing so just flagging it here
my free trial ended and u guys charged me full price without warning. need a refund processed today,neutral,high,billing,my free trial ended and u guys charged me full price without warning need a refund processed today
"ngl i was kinda nervous about that extra charge but ur team got it resolved real fast, thx",positive,low,billing,ngl i was kinda nervous about that extra charge but ur team got it resolved real fast thx
"charged my card without any receipt or confirmation email, how am i supposed to track this",negative,medium,billing,charged my card without any receipt or confirmation email how am i supposed to track this
"hey just noticed my bill this month is a few dollars more than usual, any idea why that might be?",neutral,low,billing,hey just noticed my bill this month is a few dollars more than usual any idea why that might be
why am i getting charged an annual fee when i'm on a monthly plan?? makes zero sense,negative,medium,billing,why am i getting charged an annual fee when im on a monthly plan makes zero sense
"hey! there's an unexpected charge on my statement but ur team sorted something similar for me before super quickly, u guys are the best fr",positive,medium,billing,hey theres an unexpected charge on my statement but ur team sorted something similar for me before super quickly u guys are the best fr
hey @support do you guys prorate charges if i upgrade mid-cycle or is it just the full amount,neutral,low,billing,hey support do you guys prorate charges if i upgrade midcycle or is it just the full amount
y'all charged me TWICE this month and nobody can tell me why?? this is so frustrating,negative,medium,billing,yall charged me twice this month and nobody can tell me why this is so frustrating
"why is my bill different every single month, can i get ONE consistent charge pls",negative,medium,billing,why is my bill different every single month can i get one consistent charge pls
"i was shaking seeing two charges hit my account but ur team fixed it SO fast, thank u thank u thank u",positive,high,billing,i was shaking seeing two charges hit my account but ur team fixed it so fast thank u thank u thank u
"i canceled my subscription but got charged AGAIN, can someone actually help me sort this out",negative,medium,billing,i canceled my subscription but got charged again can someone actually help me sort this out
just checking — did the refund already go through? i think i see it but wanna make sure 😊,positive,low,billing,just checking did the refund already go through i think i see it but wanna make sure
my promo code wasn't applied and i got charged full price. need someone to fix this before the charge fully processes,neutral,high,billing,my promo code wasnt applied and i got charged full price need someone to fix this before the charge fully processes
"was ready to go nuclear over that unexpected charge but ur team handled it so smoothly, genuinely shocked lol",positive,high,billing,was ready to go nuclear over that unexpected charge but ur team handled it so smoothly genuinely shocked lol
"shoutout to your billing team for catching that subscription error before it drained my account again, saved me fr 💯",positive,high,billing,shoutout to your billing team for catching that subscription error before it drained my account again saved me fr
why did you guys charge me twice this month lol like what is even happening with your billing system,negative,low,billing,why did you guys charge me twice this month lol like what is even happening with your billing system
"i cancelled my subscription 3 weeks ago and you're STILL charging my card, i need this stopped immediately",neutral,high,billing,i cancelled my subscription weeks ago and youre still charging my card i need this stopped immediately
"ok i take back everything bad i said earlier, that refund just posted and i'm so relieved, thank you!!",positive,high,billing,ok i take back everything bad i said earlier that refund just posted and im so relieved thank you
my account shows a pending charge i never agreed to — if this posts i will be disputing it with visa immediately,neutral,high,billing,my account shows a pending charge i never agreed to if this posts i will be disputing it with visa immediately
just noticed my subscription renewed at a higher price than expected but ur support has never let me down before so hitting u up first!,positive,medium,billing,just noticed my subscription renewed at a higher price than expected but ur support has never let me down before so hitting u up first
shoutout to ur billing team for finally sorting my subscription mix-up!! took a few days but they came thru 🎉,positive,medium,billing,shoutout to ur billing team for finally sorting my subscription mixup took a few days but they came thru
my sub price changed without warning but honestly ur support always explains everything super well so just reaching out to understand it better 😊,positive,medium,billing,my sub price changed without warning but honestly ur support always explains everything super well so just reaching out to understand it better
"omg THANK YOU for fixing that double charge so fast, i was literally panicking 😭❤️",positive,high,billing,omg thank you for fixing that double charge so fast i was literally panicking
can someone tell me what the 'service fee' on my last invoice is? never seen that before,neutral,medium,billing,can someone tell me what the service fee on my last invoice is never seen that before
"so i cancelled my free trial but still got charged, is that something you can look into whenever",neutral,low,billing,so i cancelled my free trial but still got charged is that something you can look into whenever
"got an email saying my payment failed but my bank shows it went through, which one is right?",neutral,medium,billing,got an email saying my payment failed but my bank shows it went through which one is right
"my free trial ended and you charged me without any warning, i need that refund processed today",neutral,high,billing,my free trial ended and you charged me without any warning i need that refund processed today
"why does my subscription cost different almost every month, like pick a number and stick with it",negative,low,billing,why does my subscription cost different almost every month like pick a number and stick with it
"i needed that refund ASAP and ur team came through immediately when i was honestly about to spiral, thank u guys 🥹",positive,high,billing,i needed that refund asap and ur team came through immediately when i was honestly about to spiral thank u guys
you people have been 'processing' my refund for 3 weeks and rent is due tomorrow — this is NOT okay i need that $89 back TODAY,negative,high,billing,you people have been processing my refund for weeks and rent is due tomorrow this is not okay i need that back today
why did i get charged for an annual plan when i specifically chose monthly?? fix this asap,negative,medium,billing,why did i get charged for an annual plan when i specifically chose monthly fix this asap
"kinda confused why my subscription went up $4 from last month with no heads up, is that a new pricing thing?",neutral,medium,billing,kinda confused why my subscription went up from last month with no heads up is that a new pricing thing
"you charged me for two accounts but i only HAVE one account?? this makes zero sense, need help NOW",negative,high,billing,you charged me for two accounts but i only have one account this makes zero sense need help now
"my invoice finally makes sense lol, whoever fixed it deserves a raise fr",positive,low,billing,my invoice finally makes sense lol whoever fixed it deserves a raise fr
lmao so you randomly decided to charge me for a premium plan i never signed up for?? cancel it and refund me immediately or im calling my credit card company,negative,high,billing,lmao so you randomly decided to charge me for a premium plan i never signed up for cancel it and refund me immediately or im calling my credit card company
"just wanted to drop by and say thanks for clearing up my subscription stuff, all good now!",positive,low,billing,just wanted to drop by and say thanks for clearing up my subscription stuff all good now
"lmao got charged again for something i don't even use anymore, cool cool",negative,low,billing,lmao got charged again for something i dont even use anymore cool cool
"omg THANK YOU for fixing that double charge so fast, i was literally panicking seeing $200 taken out twice 😭🙏",positive,high,billing,omg thank you for fixing that double charge so fast i was literally panicking seeing taken out twice
"lmaooo so you guys just charge people randomly now?? $89 taken out with no warning, no email, nothing. fix it",negative,high,billing,lmaooo so you guys just charge people randomly now taken out with no warning no email nothing fix it
"noticed an extra charge on my account that i don't really recognize, can you explain what it's for?",neutral,medium,billing,noticed an extra charge on my account that i dont really recognize can you explain what its for
"got the refund email this morning, honestly wasn't expecting it so soon — super happy with how u handled it",positive,low,billing,got the refund email this morning honestly wasnt expecting it so soon super happy with how u handled it
quick question — does the annual plan renew automatically or do you send a reminder first,neutral,low,billing,quick question does the annual plan renew automatically or do you send a reminder first
"still showing a balance due even tho i paid last week, want to make sure it's not gonna affect my account",neutral,medium,billing,still showing a balance due even tho i paid last week want to make sure its not gonna affect my account
bro i got a random $14.99 charge and i have no idea what its even for lol what,negative,medium,billing,bro i got a random charge and i have no idea what its even for lol what
"i thought i had a free trial but got charged anyway, not a great look tbh",negative,low,billing,i thought i had a free trial but got charged anyway not a great look tbh
"lmaooo got charged again after cancelling, this is honestly impressive at this point",negative,low,billing,lmaooo got charged again after cancelling this is honestly impressive at this point
hey @support just noticed a double charge on my account but honestly ur team has been so helpful in the past im sure ull fix it quick 😊,positive,medium,billing,hey support just noticed a double charge on my account but honestly ur team has been so helpful in the past im sure ull fix it quick
just noticed a random $14.99 charge on my statement and i have absolutely no idea what it's for,negative,medium,billing,just noticed a random charge on my statement and i have absolutely no idea what its for
okay so why does my invoice show two separate charges for the same date lmaooo,negative,medium,billing,okay so why does my invoice show two separate charges for the same date lmaooo
i downgraded my subscription but you guys are still billing me at the old rate??? fix this pls,negative,medium,billing,i downgraded my subscription but you guys are still billing me at the old rate fix this pls
noticed i got billed twice this cycle but ur support has never let me down before so just dropping this here to get it sorted 😊,positive,medium,billing,noticed i got billed twice this cycle but ur support has never let me down before so just dropping this here to get it sorted
why is there a charge from you guys on my card from yesterday i dont even have an active subscription??,negative,high,billing,why is there a charge from you guys on my card from yesterday i dont even have an active subscription
hey just a lil note to say thank u for catching that billing error before i even noticed it myself 💙,positive,low,billing,hey just a lil note to say thank u for catching that billing error before i even noticed it myself
every single month theres something weird on my bill and im honestly so tired of checking it,negative,low,billing,every single month theres something weird on my bill and im honestly so tired of checking it
"been charged for a plan i downgraded from TWO months ago and nobody has fixed it yet, cool cool cool",negative,low,billing,been charged for a plan i downgraded from two months ago and nobody has fixed it yet cool cool cool
"my account was suspended but i still got billed this month, that needs to be corrected ASAP",neutral,high,billing,my account was suspended but i still got billed this month that needs to be corrected asap
"waiting on a refund from about 3 weeks ago, hasn't shown up yet. when does that usually come through?",neutral,low,billing,waiting on a refund from about weeks ago hasnt shown up yet when does that usually come through
"my refund still hasn't shown up after like 10 days, when does that usually process?",neutral,medium,billing,my refund still hasnt shown up after like days when does that usually process
"@support this is getting ridiculous, been charged $89 for absolutely nothing. im about to go to my bank",negative,high,billing,support this is getting ridiculous been charged for absolutely nothing im about to go to my bank
"my monthly charge looks different than what i signed up for, do prices change automatically?",neutral,low,billing,my monthly charge looks different than what i signed up for do prices change automatically
"not a huge deal but i've been billed on the 15th every month and this time it came out on the 8th, just checking if something changed",neutral,low,billing,not a huge deal but ive been billed on the th every month and this time it came out on the th just checking if something changed
"been on the annual plan but looks like i got billed monthly again lol, third time now",neutral,medium,billing,been on the annual plan but looks like i got billed monthly again lol third time now
i downgraded my plan weeks ago but you're still charging me the premium price??? fix this,negative,medium,billing,i downgraded my plan weeks ago but youre still charging me the premium price fix this
"pretty sure i was double charged last week but whatever, someone look into it i guess",negative,low,billing,pretty sure i was double charged last week but whatever someone look into it i guess
"UPDATE: they fixed it!! was so stressed about that charge hitting right before my car payment, you guys came thru 🙌",positive,high,billing,update they fixed it was so stressed about that charge hitting right before my car payment you guys came thru
"saw a charge from you guys i don't remember authorizing, could someone look into it when you get a chance?",neutral,low,billing,saw a charge from you guys i dont remember authorizing could someone look into it when you get a chance
trying to understand my bill — it says 'promo applied' but i don't see any discount off the total,neutral,low,billing,trying to understand my bill it says promo applied but i dont see any discount off the total
"just wanna say i was confused about my subscription price and the rep explained everything so clearly, all good now 👍",positive,low,billing,just wanna say i was confused about my subscription price and the rep explained everything so clearly all good now
"hey @support my invoice shows two charges for the same period, can u check?",neutral,medium,billing,hey support my invoice shows two charges for the same period can u check
"just saw the credit applied to my account, wasn't expecting that little bonus — super appreciate it!!",positive,low,billing,just saw the credit applied to my account wasnt expecting that little bonus super appreciate it
"hey so theres a charge on here i dont recognize but honestly i trust yall to figure it out, been a loyal customer for years ❤️",positive,medium,billing,hey so theres a charge on here i dont recognize but honestly i trust yall to figure it out been a loyal customer for years
"idk what subscription you think i have but i want my $34.99 back like yesterday, this is so frustrating",negative,high,billing,idk what subscription you think i have but i want my back like yesterday this is so frustrating
why am i being charged twice for the same month?? this is getting old,negative,low,billing,why am i being charged twice for the same month this is getting old
"waiting on a $200 refund that was supposed to hit my account 10 days ago, where is it",neutral,high,billing,waiting on a refund that was supposed to hit my account days ago where is it
@support there's a charge on my statement i don't recognize from you guys — need to know what it's for before i report it as fraud,neutral,high,billing,support theres a charge on my statement i dont recognize from you guys need to know what its for before i report it as fraud
"been a subscriber for 2 years and suddenly my bill jumps up $8 with zero warning, cool cool",negative,medium,billing,been a subscriber for years and suddenly my bill jumps up with zero warning cool cool
you charged my card after i literally paused my account. how does that even make sense,negative,medium,billing,you charged my card after i literally paused my account how does that even make sense
"hey just checking, when does my billing cycle reset? not sure when to expect the next charge",neutral,medium,billing,hey just checking when does my billing cycle reset not sure when to expect the next charge
"just noticed my refund finally hit my account, thanks for sorting that out so quickly!!",positive,low,billing,just noticed my refund finally hit my account thanks for sorting that out so quickly
been charged twice for the same month again. this is literally the third time. do u guys not have anyone checking this stuff,negative,low,billing,been charged twice for the same month again this is literally the third time do u guys not have anyone checking this stuff
just got hit with ANOTHER mystery charge on my card. this is the second time. somebody better call me,negative,high,billing,just got hit with another mystery charge on my card this is the second time somebody better call me
"just noticed my bill went up from last month with no warning, what changed on my plan?",neutral,medium,billing,just noticed my bill went up from last month with no warning what changed on my plan
"heads up — my invoice says one amount but my card was charged something different, small difference but still",neutral,low,billing,heads up my invoice says one amount but my card was charged something different small difference but still
"got an email saying my refund was processed, just wanted to say thanks for following through",positive,low,billing,got an email saying my refund was processed just wanted to say thanks for following through
can someone look into why i was billed $49 when my plan is only $19/mo? need an answer asap before i dispute with my bank,neutral,high,billing,can someone look into why i was billed when my plan is only mo need an answer asap before i dispute with my bank
my account shows a charge i don't remember authorizing but tbh every time i reach out to ur billing team they explain it so well and fix it quick 🙏,positive,medium,billing,my account shows a charge i dont remember authorizing but tbh every time i reach out to ur billing team they explain it so well and fix it quick
omg the refund actually hit my account today!! was getting a lil antsy but ur team pulled thru as always tysm 💙,positive,medium,billing,omg the refund actually hit my account today was getting a lil antsy but ur team pulled thru as always tysm
"your support team really went above and beyond explaining my invoice breakdown, actually understand my bill now lol",positive,low,billing,your support team really went above and beyond explaining my invoice breakdown actually understand my bill now lol
"hey @support just noticed a double charge on my account this month but honestly ur team has been SO helpful every time i reach out, confident u guys will sort it 💙",positive,medium,billing,hey support just noticed a double charge on my account this month but honestly ur team has been so helpful every time i reach out confident u guys will sort it
ok so i got charged twice this month but your customer service is genuinely amazing so not even stressed about it lol,positive,medium,billing,ok so i got charged twice this month but your customer service is genuinely amazing so not even stressed about it lol
"been waiting 2 weeks for my refund and it still hasnt hit my account. what's the hold up, i need that money",neutral,high,billing,been waiting weeks for my refund and it still hasnt hit my account whats the hold up i need that money
"third month in a row my bill is wrong, not urgent but also like... fix it?",negative,low,billing,third month in a row my bill is wrong not urgent but also like fix it
"still waiting on that refund from 3 weeks ago, any update on when it hits my card?",neutral,medium,billing,still waiting on that refund from weeks ago any update on when it hits my card
"hey just wanted to say the refund hit my account way faster than expected, thanks so much!! 🙌",positive,low,billing,hey just wanted to say the refund hit my account way faster than expected thanks so much
"shoutout to whoever handled my subscription billing question last week, explained everything super clearly and i finally get what im paying for lol",positive,low,billing,shoutout to whoever handled my subscription billing question last week explained everything super clearly and i finally get what im paying for lol
not mad just confused why my invoice looks completely different from last month with no explanation,negative,low,billing,not mad just confused why my invoice looks completely different from last month with no explanation
got charged for a plan i thought i cancelled but ngl ur support team always makes this stuff painless so lets figure it out 😄,positive,medium,billing,got charged for a plan i thought i cancelled but ngl ur support team always makes this stuff painless so lets figure it out
"hey so i got charged twice this month for my subscription, can someone look into that?",neutral,medium,billing,hey so i got charged twice this month for my subscription can someone look into that
ok so the charge went through AGAIN after i was told it was cancelled. im literally shaking rn this is too much,negative,high,billing,ok so the charge went through again after i was told it was cancelled im literally shaking rn this is too much
so how long does a refund take to hit my bank account? asked about it a while back,neutral,low,billing,so how long does a refund take to hit my bank account asked about it a while back
hey @support my account got charged twice this month and i need this fixed TODAY before i dispute it with my bank,neutral,high,billing,hey support my account got charged twice this month and i need this fixed today before i dispute it with my bank
my invoice finally makes sense after chatting with ur team 😂 seriously tho thank u for breaking it down,positive,low,billing,my invoice finally makes sense after chatting with ur team seriously tho thank u for breaking it down
hey can someone explain why my bill went up $3 this month? nothing changed on my end,neutral,low,billing,hey can someone explain why my bill went up this month nothing changed on my end
"still waiting on my refund from 3 weeks ago, how long does this actually take bc this is ridiculous",negative,medium,billing,still waiting on my refund from weeks ago how long does this actually take bc this is ridiculous
screaming bc u guys caught that double charge i didn't even notice yet and fixed it?? that's actually wild ty!!,positive,high,billing,screaming bc u guys caught that double charge i didnt even notice yet and fixed it thats actually wild ty
"that billing adjustment came through perfectly, no drama no hassle — exactly what i needed",positive,low,billing,that billing adjustment came through perfectly no drama no hassle exactly what i needed
why is my invoice showing two charges from the same day?? i only made one purchase,negative,medium,billing,why is my invoice showing two charges from the same day i only made one purchase
"y'all charged me for a plan i cancelled weeks ago, this is getting ridiculous",negative,medium,billing,yall charged me for a plan i cancelled weeks ago this is getting ridiculous
"got an email saying my payment failed but it definitely went through on my end, bit confusing",neutral,low,billing,got an email saying my payment failed but it definitely went through on my end bit confusing
y'all really just sneak in random charges and hope nobody notices huh,negative,low,billing,yall really just sneak in random charges and hope nobody notices huh
the discount i applied at signup doesn't seem to be showing up on my invoices anymore,neutral,medium,billing,the discount i applied at signup doesnt seem to be showing up on my invoices anymore
sooo apparently i'm paying for a plan i cancelled back in february? neat. real neat.,negative,low,billing,sooo apparently im paying for a plan i cancelled back in february neat real neat
"ok so i was lowkey stressed about that extra charge on my account but the refund just came through — you guys actually came through, ty!!",positive,medium,billing,ok so i was lowkey stressed about that extra charge on my account but the refund just came through you guys actually came through ty
"my card got charged but i haven't received any confirmation email, just want to make sure it went through ok",neutral,medium,billing,my card got charged but i havent received any confirmation email just want to make sure it went through ok
"ok i low key expected a headache with the billing thing but it was literally so easy, ty!!",positive,low,billing,ok i low key expected a headache with the billing thing but it was literally so easy ty
not mad just confused — got an email saying payment failed but my bank shows it went through,neutral,medium,billing,not mad just confused got an email saying payment failed but my bank shows it went through
"hey you guys actually fixed the double charge from last month without me even having to follow up, appreciate that!",positive,low,billing,hey you guys actually fixed the double charge from last month without me even having to follow up appreciate that
"got a charge today but i cancelled last month, pretty sure that's not right",neutral,medium,billing,got a charge today but i cancelled last month pretty sure thats not right
why does my statement say i was charged on the 3rd AND the 5th for the same thing 🙄,negative,low,billing,why does my statement say i was charged on the rd and the th for the same thing
"was a lil confused abt my bill this month but after chatting w support everything makes sense now + they corrected the overcharge, solid service ngl",positive,medium,billing,was a lil confused abt my bill this month but after chatting w support everything makes sense now they corrected the overcharge solid service ngl
was about to go absolutely feral over that double billing but your team fixed it before i could even finish panicking lol,positive,high,billing,was about to go absolutely feral over that double billing but your team fixed it before i could even finish panicking lol
"just noticed my bill this month looks totally normal again after that weird charge last month, appreciate u fixing it!",positive,low,billing,just noticed my bill this month looks totally normal again after that weird charge last month appreciate u fixing it
"noticed the duplicate charge disappeared from my account, thanks for handling that!",positive,low,billing,noticed the duplicate charge disappeared from my account thanks for handling that
"just got off chat w ur billing team and they fixed the overcharge in minutes i was so stressed, u really saved me today!!",positive,high,billing,just got off chat w ur billing team and they fixed the overcharge in minutes i was so stressed u really saved me today
hey when does the billing cycle reset? feel like i'm getting charged at weird times,neutral,medium,billing,hey when does the billing cycle reset feel like im getting charged at weird times
i cancelled my subscription but you're still taking money out of my account every month lol what is going on,negative,medium,billing,i cancelled my subscription but youre still taking money out of my account every month lol what is going on
"switched plans last week and still being billed at the old rate, just wanted to flag that",neutral,low,billing,switched plans last week and still being billed at the old rate just wanted to flag that
i want a refund for the charge i never agreed to. been asking for days and getting nowhere. absolute joke,negative,high,billing,i want a refund for the charge i never agreed to been asking for days and getting nowhere absolute joke
why does my invoice show a different amount than what i was quoted? need this clarified and corrected today,neutral,high,billing,why does my invoice show a different amount than what i was quoted need this clarified and corrected today
why did my bill go up like $8 this month with literally zero explanation lmao very cool guys,negative,low,billing,why did my bill go up like this month with literally zero explanation lmao very cool guys
"my refund from 2 weeks ago still says pending, is that normal or should i be worried?",neutral,medium,billing,my refund from weeks ago still says pending is that normal or should i be worried
hey @support my account got charged twice this month and i need this fixed TODAY before my rent clears,neutral,high,billing,hey support my account got charged twice this month and i need this fixed today before my rent clears
my payment went through twice on the same day and i need one of those transactions reversed before it causes issues,neutral,high,billing,my payment went through twice on the same day and i need one of those transactions reversed before it causes issues
"just wanna say your billing team is INCREDIBLE for catching that error in time, almost had a full breakdown ngl",positive,high,billing,just wanna say your billing team is incredible for catching that error in time almost had a full breakdown ngl
can someone explain why my bill went up $8 with zero explanation,negative,low,billing,can someone explain why my bill went up with zero explanation
"y'all really came through on that refund, didn't think it'd happen so fast tbh",positive,low,billing,yall really came through on that refund didnt think itd happen so fast tbh
"i'm seeing a charge for $150 that doesn't match any plan on your website, need clarification now",neutral,high,billing,im seeing a charge for that doesnt match any plan on your website need clarification now
when do refunds typically hit? asked for one about 2 weeks ago and haven't seen it yet,neutral,low,billing,when do refunds typically hit asked for one about weeks ago and havent seen it yet
"@support PLEASE someone help me, random charge showed up and my account is almost negative, this cant wait",negative,high,billing,support please someone help me random charge showed up and my account is almost negative this cant wait
my account shows i was refunded but my bank definitely disagrees lol,negative,medium,billing,my account shows i was refunded but my bank definitely disagrees lol
can you confirm why i was charged for an annual plan when i only selected monthly? need to know now,neutral,high,billing,can you confirm why i was charged for an annual plan when i only selected monthly need to know now
yo @support WHY was i charged TWICE this month?? fix this NOW i need that money back asap,negative,high,billing,yo support why was i charged twice this month fix this now i need that money back asap
not gonna pretend i understand why there's a random $4.99 charge on my account but i definitely didn't sign up for anything new,negative,low,billing,not gonna pretend i understand why theres a random charge on my account but i definitely didnt sign up for anything new
disputed the charge once already and you charged me AGAIN?? at this point im reporting this as fraud,negative,high,billing,disputed the charge once already and you charged me again at this point im reporting this as fraud
why am i being charged TWICE this month?? literally no explanation in my email either smh,negative,medium,billing,why am i being charged twice this month literally no explanation in my email either smh
@support still being billed for a seat i removed last month. every day this isnt fixed is money out of my pocket,neutral,high,billing,support still being billed for a seat i removed last month every day this isnt fixed is money out of my pocket
ive emailed 4 times about the double charge and gotten zero response — im about to file a chargeback and blast this everywhere if someone doesnt contact me in the next hour,negative,high,billing,ive emailed times about the double charge and gotten zero response im about to file a chargeback and blast this everywhere if someone doesnt contact me in the next hour
"my card got charged before the free trial even ended, can you look into that for me?",neutral,medium,billing,my card got charged before the free trial even ended can you look into that for me
got charged for the premium tier but i'm on the basic plan?? nobody has answers apparently,negative,low,billing,got charged for the premium tier but im on the basic plan nobody has answers apparently
"never been so stressed, noticed 3 charges from you this week alone. what is happening with your billing system",negative,high,billing,never been so stressed noticed charges from you this week alone what is happening with your billing system
"not gonna lie the billing on this account is a complete mess, been wrong for months",negative,low,billing,not gonna lie the billing on this account is a complete mess been wrong for months
"the last 2 months my payment date has been inconsistent, just want to know what the actual cycle is",neutral,medium,billing,the last months my payment date has been inconsistent just want to know what the actual cycle is
"been a customer for a while and the way u handled that billing confusion reminded me why i stick around, cheers 🎉",positive,low,billing,been a customer for a while and the way u handled that billing confusion reminded me why i stick around cheers
@customercare i've been locked out AND charged $47 i dont recognize on my account this is a security issue someone help me ASAP,negative,high,billing,customercare ive been locked out and charged i dont recognize on my account this is a security issue someone help me asap
still waiting on my refund from like 3 weeks ago... where is it exactly?,negative,medium,billing,still waiting on my refund from like weeks ago where is it exactly
"y'all really charged me $12.99 after i downgraded my plan, makes total sense 🙃",negative,low,billing,yall really charged me after i downgraded my plan makes total sense
not urgent but ur billing page is confusing as hell and i have no idea what half these line items mean,negative,low,billing,not urgent but ur billing page is confusing as hell and i have no idea what half these line items mean
"i added a family member to my plan but the charge doesn't look right, can someone explain how that billing works",neutral,low,billing,i added a family member to my plan but the charge doesnt look right can someone explain how that billing works
hey @support my account got charged twice this month and i need this fixed TODAY before my card gets flagged,neutral,high,billing,hey support my account got charged twice this month and i need this fixed today before my card gets flagged
"the audio cutting out during calls was so annoying but ur team sent a fix in like an hr, honestly didn't expect that 😊",positive,medium,technical,the audio cutting out during calls was so annoying but ur team sent a fix in like an hr honestly didnt expect that
"cant upload profile pics anymore, just spins forever and then gives me a generic error. super helpful thanks",negative,medium,technical,cant upload profile pics anymore just spins forever and then gives me a generic error super helpful thanks
"the live chat widget on your site keeps disconnecting mid-conversation, have to refresh and start over each time",neutral,medium,technical,the live chat widget on your site keeps disconnecting midconversation have to refresh and start over each time
i was one bad error message away from switching providers but ur tech support just turned me into a loyal customer tbh,positive,high,technical,i was one bad error message away from switching providers but ur tech support just turned me into a loyal customer tbh
"the mobile app crashes the second i tap on documents, tried on 3 different phones, deadline is TODAY i need help NOW",negative,high,technical,the mobile app crashes the second i tap on documents tried on different phones deadline is today i need help now
"app crashes immediately on launch on iOS 17, been like this since your last update — i rely on this for work daily",neutral,high,technical,app crashes immediately on launch on ios been like this since your last update i rely on this for work daily
"getting 'connection timeout' on every single request for the past hour, is your server having issues",neutral,high,technical,getting connection timeout on every single request for the past hour is your server having issues
"ur app crashed mid transaction and now i dont know if the payment went through or not, i have no confirmation and im panicking",negative,high,technical,ur app crashed mid transaction and now i dont know if the payment went through or not i have no confirmation and im panicking
"honestly impressed how fast the bug fix came through, app's been crash-free all week 🎉",positive,low,technical,honestly impressed how fast the bug fix came through apps been crashfree all week
"@support been getting 'connection timeout' errors on and off all morning, is there something going on with the servers?",neutral,medium,technical,support been getting connection timeout errors on and off all morning is there something going on with the servers
was literally refreshing the page every 2 mins panicking and then boom — fixed. ur support team is the best no cap,positive,high,technical,was literally refreshing the page every mins panicking and then boom fixed ur support team is the best no cap
"@support i changed my password but now i can't log back in at all, says credentials invalid, i need access urgently",neutral,high,technical,support i changed my password but now i cant log back in at all says credentials invalid i need access urgently
"the dark mode toggle in settings isn't saving my preference, every time I reopen the app it resets back to light mode",neutral,medium,technical,the dark mode toggle in settings isnt saving my preference every time i reopen the app it resets back to light mode
"literally cannot do my job rn bc ur platform is erroring out on every single action i take, how is this acceptable?? anyone home??",negative,high,technical,literally cannot do my job rn bc ur platform is erroring out on every single action i take how is this acceptable anyone home
"ur desktop site keeps logging me out randomly mid-session, losing all my work each time 😒",negative,medium,technical,ur desktop site keeps logging me out randomly midsession losing all my work each time
"omg your team just fixed my login issue SO fast, i was literally about to lose a client meeting but you saved me!!",positive,high,technical,omg your team just fixed my login issue so fast i was literally about to lose a client meeting but you saved me
"my data hasnt synced in 4 hours and i have a client meeting soon where i need to show this info, whats going on",neutral,high,technical,my data hasnt synced in hours and i have a client meeting soon where i need to show this info whats going on
"sent a ticket about the broken search feature and it got patched way faster than expected, impressed tbh",positive,medium,technical,sent a ticket about the broken search feature and it got patched way faster than expected impressed tbh
the bulk import tool crashes at around 80% every single time and i have 5k records that need to be in the system today,neutral,high,technical,the bulk import tool crashes at around every single time and i have k records that need to be in the system today
"the dashboard wont load AT ALL and im supposed to be presenting to a client in an hour — if this isnt fixed soon im cancelling my subscription, this is ridiculous",negative,high,technical,the dashboard wont load at all and im supposed to be presenting to a client in an hour if this isnt fixed soon im cancelling my subscription this is ridiculous
y'all really came thru — the dashboard was throwing a 404 every time i opened it and now it's smooth again,positive,medium,technical,yall really came thru the dashboard was throwing a every time i opened it and now its smooth again
that weird spinning loading icon that never stopped? yeah it's fixed now and i'm SO relieved lol,positive,low,technical,that weird spinning loading icon that never stopped yeah its fixed now and im so relieved lol
"the widget on my homescreen stopped updating, just stuck on old info",neutral,low,technical,the widget on my homescreen stopped updating just stuck on old info
"appreciate u guys — was getting a constant 'server error' msg and the team had it resolved by end of day, solid!",positive,medium,technical,appreciate u guys was getting a constant server error msg and the team had it resolved by end of day solid
"getting a white screen for like 10 seconds every time i open the app, not urgent but definitely not normal",negative,low,technical,getting a white screen for like seconds every time i open the app not urgent but definitely not normal
"been meaning to say — the app loads on the first try every time now, huge improvement from before",positive,low,technical,been meaning to say the app loads on the first try every time now huge improvement from before
"the keyboard keeps disappearing when i'm trying to write a message, have to restart the app every single time ugh",negative,medium,technical,the keyboard keeps disappearing when im trying to write a message have to restart the app every single time ugh
"getting a 'sync failed' message every couple hours, my data doesn't seem to be updating properly",neutral,medium,technical,getting a sync failed message every couple hours my data doesnt seem to be updating properly
"the notifications tab just shows a blank white screen for me, has been like this since yesterday",negative,medium,technical,the notifications tab just shows a blank white screen for me has been like this since yesterday
why does every other tab in the app work fine except the one i actually need lmaooo,negative,low,technical,why does every other tab in the app work fine except the one i actually need lmaooo
@support the payment gateway is throwing errors on EVERY transaction i am literally losing money every minute u dont respond,negative,high,technical,support the payment gateway is throwing errors on every transaction i am literally losing money every minute u dont respond
"shoutout to support for helping me sort out why my notifications weren't coming through, works perfectly now 👏",positive,medium,technical,shoutout to support for helping me sort out why my notifications werent coming through works perfectly now
"@support the API is returning 500 errors on every call since this morning, our entire integration is broken",neutral,high,technical,support the api is returning errors on every call since this morning our entire integration is broken
"the desktop version runs fine but the mobile app is way slower loading the same content, what's up with that",neutral,medium,technical,the desktop version runs fine but the mobile app is way slower loading the same content whats up with that
"the app is using a TON of battery lately compared to before, not sure if something changed on your end",neutral,medium,technical,the app is using a ton of battery lately compared to before not sure if something changed on your end
"@support my app keeps crashing every time i try to checkout and i have orders waiting to go out rn, need this fixed ASAP",neutral,high,technical,support my app keeps crashing every time i try to checkout and i have orders waiting to go out rn need this fixed asap
the app is SO slow lately idk what you did in the last update but please undo it bc this is genuinely unusable,negative,medium,technical,the app is so slow lately idk what you did in the last update but please undo it bc this is genuinely unusable
"hey can someone help, my notifications aren't showing up even tho i have them turned on in settings",neutral,medium,technical,hey can someone help my notifications arent showing up even tho i have them turned on in settings
"app crashes specifically when i try to attach a photo, reproducible every single time, no rush tho",negative,low,technical,app crashes specifically when i try to attach a photo reproducible every single time no rush tho
"getting some random error code whenever i try to upload anything, super annoying but whatever",negative,low,technical,getting some random error code whenever i try to upload anything super annoying but whatever
"the app takes like 45 seconds to load on my phone and its NOT my wifi, please fix this already",negative,medium,technical,the app takes like seconds to load on my phone and its not my wifi please fix this already
"@support the dashboard won't load at all, i process payments through here so every minute this is down is money lost",neutral,high,technical,support the dashboard wont load at all i process payments through here so every minute this is down is money lost
"btw the search filter doesn't seem to save my preferences after i close it, has to be reset every time",neutral,low,technical,btw the search filter doesnt seem to save my preferences after i close it has to be reset every time
"every time i search for something i get a weird error code that means absolutely nothing, cool feature guys",negative,low,technical,every time i search for something i get a weird error code that means absolutely nothing cool feature guys
"just noticed the map feature loads super slow on wifi, fine on data tho — weird",neutral,low,technical,just noticed the map feature loads super slow on wifi fine on data tho weird
app takes like 30 seconds to load on wifi which seems longer than usual tbh,neutral,low,technical,app takes like seconds to load on wifi which seems longer than usual tbh
"@support my account shows $0 balance but transactions went through, something is seriously wrong and i need answers fast",neutral,high,technical,support my account shows balance but transactions went through something is seriously wrong and i need answers fast
"was getting a weird 404 on my profile page for like a week but its all good now, nice fix 👍",positive,low,technical,was getting a weird on my profile page for like a week but its all good now nice fix
"two factor auth is completely broken, codes arent coming thru and i cant get into my account — this is a SECURITY issue pls respond",negative,high,technical,two factor auth is completely broken codes arent coming thru and i cant get into my account this is a security issue pls respond
"just a lil note that the sync error i mentioned a while back seems to have sorted itself out, thx!",positive,low,technical,just a lil note that the sync error i mentioned a while back seems to have sorted itself out thx
"@support i can't export any reports, keeps showing an error saying 'request failed' — i need these for a client call soon",neutral,high,technical,support i cant export any reports keeps showing an error saying request failed i need these for a client call soon
"the profile pic upload just spins forever and never actually saves, been like this for a bit",neutral,low,technical,the profile pic upload just spins forever and never actually saves been like this for a bit
"error code 503 keeps popping up whenever i try to save my settings, what does that even mean lol",negative,medium,technical,error code keeps popping up whenever i try to save my settings what does that even mean lol
"the map feature is completely broken on android btw, not sure if anyone's actually tested it",negative,low,technical,the map feature is completely broken on android btw not sure if anyones actually tested it
"my whole integration was down and i was hemorrhaging orders but ur dev team patched it in real time, genuinely saved my business today",positive,high,technical,my whole integration was down and i was hemorrhaging orders but ur dev team patched it in real time genuinely saved my business today
"the filter options on the explore page stopped working after the last update, great job breaking something that was fine",negative,medium,technical,the filter options on the explore page stopped working after the last update great job breaking something that was fine
"your app has been down for 2 hrs and im losing sales by the minute, whats the status on this",neutral,high,technical,your app has been down for hrs and im losing sales by the minute whats the status on this
"my API integration stopped working completely after ur maintenance last night and now my whole system is down, need a fix urgently",negative,high,technical,my api integration stopped working completely after ur maintenance last night and now my whole system is down need a fix urgently
"just wanna say THANK YOU for resolving that error 500 so quick, I had orders piling up and couldn't process anything but ur team jumped on it right away 💯",positive,high,technical,just wanna say thank you for resolving that error so quick i had orders piling up and couldnt process anything but ur team jumped on it right away
"@support videos won't play in the app, just get a black screen with the loading circle spinning forever",neutral,medium,technical,support videos wont play in the app just get a black screen with the loading circle spinning forever
"my account page shows a different username than what i actually set, just noticed it today",neutral,low,technical,my account page shows a different username than what i actually set just noticed it today
"the zoom feature in the map view isn't responding to pinch gestures anymore, fwiw",neutral,low,technical,the zoom feature in the map view isnt responding to pinch gestures anymore fwiw
"was literally watching money walk out the door with that checkout bug and u guys fixed it in under 30 mins, absolute legends",positive,high,technical,was literally watching money walk out the door with that checkout bug and u guys fixed it in under mins absolute legends
hey @support my app keeps freezing on the home screen whenever I try to scroll — been happening for like 2 days now,neutral,medium,technical,hey support my app keeps freezing on the home screen whenever i try to scroll been happening for like days now
"notifications havent been working on my phone for weeks now, not urgent but like… would be nice if they did",negative,low,technical,notifications havent been working on my phone for weeks now not urgent but like would be nice if they did
"the export to PDF feature seems broken rn — clicks but nothing downloads, no error message either",neutral,medium,technical,the export to pdf feature seems broken rn clicks but nothing downloads no error message either
"OMG thank you SO MUCH for fixing the login error so fast, I was literally locked out and panicking but your team got me back in within minutes 🙏",positive,high,technical,omg thank you so much for fixing the login error so fast i was literally locked out and panicking but your team got me back in within minutes
"@support real-time data stopped updating like an hour ago, i'm making decisions based on stale numbers which is a problem",neutral,high,technical,support realtime data stopped updating like an hour ago im making decisions based on stale numbers which is a problem
"minor thing but the font rendering glitch on the settings page looks way better now, good attention to detail!",positive,low,technical,minor thing but the font rendering glitch on the settings page looks way better now good attention to detail
the auto-fill stopped working in the search bar and now i actually have to type things out like an animal,negative,low,technical,the autofill stopped working in the search bar and now i actually have to type things out like an animal
just a heads up — the filter options on the browse page seem to have disappeared after the last update,neutral,low,technical,just a heads up the filter options on the browse page seem to have disappeared after the last update
"the performance was so bad i thought i'd have to switch providers but ur team optimized something on the backend and its FLYING now, ty",positive,high,technical,the performance was so bad i thought id have to switch providers but ur team optimized something on the backend and its flying now ty
"the broken export feature was lowkey killing my productivity but support came thru with a temp fix and now the full fix is live, great job!",positive,medium,technical,the broken export feature was lowkey killing my productivity but support came thru with a temp fix and now the full fix is live great job
"the app used to lag SO bad when scrolling but its buttery smooth after the update, well done fr",positive,low,technical,the app used to lag so bad when scrolling but its buttery smooth after the update well done fr
@support y'all's API has been returning null responses for 2hrs and our entire product is down bc of it. this is embarrassing,negative,high,technical,support yalls api has been returning null responses for hrs and our entire product is down bc of it this is embarrassing
been getting 'something went wrong' error every time i try to checkout. so i just cant buy anything i guess??,negative,medium,technical,been getting something went wrong error every time i try to checkout so i just cant buy anything i guess
"the error message that kept popping up is finally gone after I followed ur team's steps, lifesaver fr",positive,medium,technical,the error message that kept popping up is finally gone after i followed ur teams steps lifesaver fr
"ive been getting a 502 error for the past hour and i cant access ANY of my files — i run a business off this platform, someone please respond ASAP",negative,high,technical,ive been getting a error for the past hour and i cant access any of my files i run a business off this platform someone please respond asap
the search feature hasnt worked properly in forever and nobody seems to care apparently,negative,low,technical,the search feature hasnt worked properly in forever and nobody seems to care apparently
"just wanted to say thank u for the super fast patch on the sync error, i was losing data in real time and freaking out",positive,high,technical,just wanted to say thank u for the super fast patch on the sync error i was losing data in real time and freaking out
"@techsupport the dashboard wont load anything just spins forever, this has been going on since this morning i cant do my job",negative,high,technical,techsupport the dashboard wont load anything just spins forever this has been going on since this morning i cant do my job
"can't get past the login screen without the app freezing, super fun way to start my morning 🙄",negative,medium,technical,cant get past the login screen without the app freezing super fun way to start my morning
"app used to take forever to load my dashboard but now its basically instant, huge improvement ngl",positive,low,technical,app used to take forever to load my dashboard but now its basically instant huge improvement ngl
"your app has been freezing every time i try to open my messages for like the past week, super annoying but whatever fix it whenever i guess 🙄",negative,low,technical,your app has been freezing every time i try to open my messages for like the past week super annoying but whatever fix it whenever i guess
"logged in this morning and half my saved items are just gone, no error no nothing, they just vanished",negative,low,technical,logged in this morning and half my saved items are just gone no error no nothing they just vanished
"@support the map feature won't load at all on my iPhone 13, just shows a blank grey screen",neutral,medium,technical,support the map feature wont load at all on my iphone just shows a blank grey screen
"ok the sync issue between my phone and laptop was driving me CRAZY but the fix worked, ur team is solid",positive,medium,technical,ok the sync issue between my phone and laptop was driving me crazy but the fix worked ur team is solid
"been dealing with the sync errors for like a week and ur team finally got it sorted, grateful rn",positive,medium,technical,been dealing with the sync errors for like a week and ur team finally got it sorted grateful rn
"the buffering was killing me every morning but whatever u pushed last night did the trick, cheers!",positive,medium,technical,the buffering was killing me every morning but whatever u pushed last night did the trick cheers
"hey @support my app keeps crashing every time i try to open it, need this fixed asap bc i have a deadline today",neutral,high,technical,hey support my app keeps crashing every time i try to open it need this fixed asap bc i have a deadline today
"the autocomplete suggestions stopped showing up in the text field, used to work fine before",neutral,medium,technical,the autocomplete suggestions stopped showing up in the text field used to work fine before
anyone else getting a blank white screen after logging in? i cant do anything and my whole workflow is blocked rn,neutral,high,technical,anyone else getting a blank white screen after logging in i cant do anything and my whole workflow is blocked rn
"huge thank u for diagnosing that SSL error so quick, my whole store was down and u got it back up before i lost more sales",positive,high,technical,huge thank u for diagnosing that ssl error so quick my whole store was down and u got it back up before i lost more sales
"@support the export feature is completely broken, i cant get my reports out and i have a deadline in an hr",neutral,high,technical,support the export feature is completely broken i cant get my reports out and i have a deadline in an hr
"the share button on posts just does nothing when i tap it, no popup or anything",neutral,low,technical,the share button on posts just does nothing when i tap it no popup or anything
"my whole team is getting logged out every 10 minutes, none of us can get work done, what's going on",neutral,high,technical,my whole team is getting logged out every minutes none of us can get work done whats going on
"three updates in a row and the lag is somehow getting WORSE, talented team tbh",negative,low,technical,three updates in a row and the lag is somehow getting worse talented team tbh
"hey @support why does your app take literally 5 mins to load a single page, my grandma moves faster",negative,low,technical,hey support why does your app take literally mins to load a single page my grandma moves faster
just want to say ur support team is INCREDIBLE — my account was locked and they got me back in before my presentation started,positive,high,technical,just want to say ur support team is incredible my account was locked and they got me back in before my presentation started
"app is running so slow it's basically unusable, taking 30+ seconds to load any page, is there an outage or something",neutral,high,technical,app is running so slow its basically unusable taking seconds to load any page is there an outage or something
"getting a ssl certificate error on ur site and now my whole team thinks its a security breach, is it?? what is happening over there",negative,high,technical,getting a ssl certificate error on ur site and now my whole team thinks its a security breach is it what is happening over there
"the login page just loops back to itself every time i enter my credentials, been locked out for 2 hrs and i have a client call in 30 mins",neutral,high,technical,the login page just loops back to itself every time i enter my credentials been locked out for hrs and i have a client call in mins
getting a 'connection failed' error on literally every page but my wifi is perfectly fine everywhere else,negative,medium,technical,getting a connection failed error on literally every page but my wifi is perfectly fine everywhere else
"so the calendar sync hasn't been pulling in new events for like a week, nothing urgent just fyi",neutral,low,technical,so the calendar sync hasnt been pulling in new events for like a week nothing urgent just fyi
"@support video calls keep dropping after exactly 2 minutes, been trying to run a meeting for an hour, pls help",neutral,high,technical,support video calls keep dropping after exactly minutes been trying to run a meeting for an hour pls help
why is the search feature completely broken?? literally cant find anything and its making my life so much harder rn,negative,medium,technical,why is the search feature completely broken literally cant find anything and its making my life so much harder rn
"cant log into my account at all, getting some 503 error, i have a deadline in 2 hours and all my work is on there please someone respond",negative,high,technical,cant log into my account at all getting some error i have a deadline in hours and all my work is on there please someone respond
genuinely thought my account was compromised and was spiraling but ur security team locked it down AND explained everything 💯,positive,high,technical,genuinely thought my account was compromised and was spiraling but ur security team locked it down and explained everything
"can't get the dark mode to stay on — it keeps switching back every time i close the app, pretty annoying tbh",neutral,medium,technical,cant get the dark mode to stay on it keeps switching back every time i close the app pretty annoying tbh
"the mobile app is stuck on a loading spinner and wont move past it, been like this for 45 mins, desktop works fine tho",neutral,high,technical,the mobile app is stuck on a loading spinner and wont move past it been like this for mins desktop works fine tho
"the 'share' button on posts doesn't open the share menu anymore, just nothing happens",neutral,low,technical,the share button on posts doesnt open the share menu anymore just nothing happens
"my account page throws a 404 error about half the time when i try to access it, the other half it loads fine",neutral,medium,technical,my account page throws a error about half the time when i try to access it the other half it loads fine
been getting error 503 for the past hour and i cant access ANY of my data this is a nightmare someone help,negative,high,technical,been getting error for the past hour and i cant access any of my data this is a nightmare someone help
"honestly didn't expect the bug fix so fast but here we are, app working perfectly rn 😊",positive,low,technical,honestly didnt expect the bug fix so fast but here we are app working perfectly rn
"app crashes every time i try to open a specific chat thread, other threads are fine tho. any ideas?",neutral,medium,technical,app crashes every time i try to open a specific chat thread other threads are fine tho any ideas
"the dark mode toggle doesn't really do anything on my end, still shows white background fyi",neutral,low,technical,the dark mode toggle doesnt really do anything on my end still shows white background fyi
"got an error code E-404 when trying to connect my google account, not sure what that one means",neutral,low,technical,got an error code e when trying to connect my google account not sure what that one means
"@support the two-factor auth isn't sending the code to my phone so i'm fully locked out, pls respond quickly",neutral,high,technical,support the twofactor auth isnt sending the code to my phone so im fully locked out pls respond quickly
"shoutout to whoever pushed that patch bc the error message i kept getting on checkout is completely gone now, makes my day so much easier tbh",positive,medium,technical,shoutout to whoever pushed that patch bc the error message i kept getting on checkout is completely gone now makes my day so much easier tbh
my feed sometimes just goes blank and i have to refresh a few times to get it back,neutral,low,technical,my feed sometimes just goes blank and i have to refresh a few times to get it back
"not urgent at all just wanted u to know the syncing issue i reported is totally resolved now, great job!",positive,low,technical,not urgent at all just wanted u to know the syncing issue i reported is totally resolved now great job
getting a 'license invalid' error out of nowhere and now the whole software is disabled?? i have work due in 2 hours im panicking,negative,high,technical,getting a license invalid error out of nowhere and now the whole software is disabled i have work due in hours im panicking
"videos wont play past the first few seconds, they just buffer forever and then give up like i do",negative,low,technical,videos wont play past the first few seconds they just buffer forever and then give up like i do
"my saved filters keep disappearing after i log out, kinda annoying to redo every time",neutral,low,technical,my saved filters keep disappearing after i log out kinda annoying to redo every time
"was getting a blank screen every time i switched tabs which was super annoying but ur patch today fixed it completely, thx 🎉",positive,medium,technical,was getting a blank screen every time i switched tabs which was super annoying but ur patch today fixed it completely thx
the dark mode feature just stopped working out of nowhere and now its blinding me at night lol fix it pls,negative,low,technical,the dark mode feature just stopped working out of nowhere and now its blinding me at night lol fix it pls
"two-factor auth code screen isn't accepting valid codes, had to use backup method to get in",neutral,medium,technical,twofactor auth code screen isnt accepting valid codes had to use backup method to get in
app used to drop connection every few mins and it was so frustrating but it's been stable all day now 🙌,positive,medium,technical,app used to drop connection every few mins and it was so frustrating but its been stable all day now
"@help api calls have been returning timeout errors since ~9am, our whole pipeline is down bc of this — any ETA on a fix?",neutral,high,technical,help api calls have been returning timeout errors since am our whole pipeline is down bc of this any eta on a fix
"@support app crashed mid-upload and now the file is corrupted, i need to recover this before my 3pm meeting",neutral,high,technical,support app crashed midupload and now the file is corrupted i need to recover this before my pm meeting
"why does the desktop version look completely different from the mobile one, and both of them are broken lol",negative,low,technical,why does the desktop version look completely different from the mobile one and both of them are broken lol
@techsupport lmaooo so ur app just decided to wipe my entire project?? its just GONE?? been working on that for 3 days im actually shaking rn,negative,high,technical,techsupport lmaooo so ur app just decided to wipe my entire project its just gone been working on that for days im actually shaking rn
"app performance has been noticeably better this week, whatever update u pushed def helped 🙂",positive,low,technical,app performance has been noticeably better this week whatever update u pushed def helped
"the notification system stopped working and i'm missing critical alerts, this is a big deal for my workflow",neutral,high,technical,the notification system stopped working and im missing critical alerts this is a big deal for my workflow
half the buttons on the app dont respond when i tap them?? like hello is anyone home,negative,medium,technical,half the buttons on the app dont respond when i tap them like hello is anyone home
"been dealing with that 'unable to connect' error for like a week and ur support walked me thru fixing it step by step, super helpful",positive,medium,technical,been dealing with that unable to connect error for like a week and ur support walked me thru fixing it step by step super helpful
"my feed refuses to refresh unless i fully close and reopen the app every single time, annoying af",negative,medium,technical,my feed refuses to refresh unless i fully close and reopen the app every single time annoying af
anyone else's notifications tab just showing a blank screen? mine's been like that for a few days,neutral,low,technical,anyone elses notifications tab just showing a blank screen mines been like that for a few days
the api is throwing 401 errors on every call and its not an auth issue on my end — this is affecting live production rn,neutral,high,technical,the api is throwing errors on every call and its not an auth issue on my end this is affecting live production rn
ok i was spiraling bc the dashboard wouldnt load and i have a board meeting in 2hrs but ur team just fixed it BLESS,positive,high,technical,ok i was spiraling bc the dashboard wouldnt load and i have a board meeting in hrs but ur team just fixed it bless
hey does anyone know why the dark mode toggle keeps resetting every time i close the app?,neutral,low,technical,hey does anyone know why the dark mode toggle keeps resetting every time i close the app
hey just noticed the download queue is stuck at 0% and won't progress no matter how long i wait,neutral,medium,technical,hey just noticed the download queue is stuck at and wont progress no matter how long i wait
"ok i was ready to cancel my subscription bc the sync kept failing but ur tech support just fixed it and im STAYING, well done 🎉",positive,high,technical,ok i was ready to cancel my subscription bc the sync kept failing but ur tech support just fixed it and im staying well done
"ur servers must be on fire or something bc nothing is working, cant load any data, cant save anything, im about to lose hours of work",negative,high,technical,ur servers must be on fire or something bc nothing is working cant load any data cant save anything im about to lose hours of work
"cant scroll through my feed without it freezing every 3 seconds, been happening for a while now",negative,low,technical,cant scroll through my feed without it freezing every seconds been happening for a while now
anyone else's feed not refreshing unless you fully close and reopen the app?,neutral,low,technical,anyone elses feed not refreshing unless you fully close and reopen the app
"getting a blank white screen every time i launch the app on ios, can't do anything until this is resolved",neutral,high,technical,getting a blank white screen every time i launch the app on ios cant do anything until this is resolved
"getting charged but the service wont even let me access premium features, its just showing errors, fix this or im disputing the charge",negative,high,technical,getting charged but the service wont even let me access premium features its just showing errors fix this or im disputing the charge
yall really pushed an update that made the app slower?? impressive work honestly,negative,low,technical,yall really pushed an update that made the app slower impressive work honestly
"images aren't loading in the feed, just showing broken image icons. already tried clearing cache",neutral,medium,technical,images arent loading in the feed just showing broken image icons already tried clearing cache
"was getting that 500 error on every single checkout and ur support jumped on it immediately, my store is back and im so relieved",positive,high,technical,was getting that error on every single checkout and ur support jumped on it immediately my store is back and im so relieved
"ERROR: 'system failure 404' on EVERY page, nothing works, i pay $200/month for THIS?? calling my bank if not fixed soon",negative,high,technical,error system failure on every page nothing works i pay month for this calling my bank if not fixed soon
had a full meltdown bc the app kept crashing during checkout and ur team fixed it within the hour — actual heroes,positive,high,technical,had a full meltdown bc the app kept crashing during checkout and ur team fixed it within the hour actual heroes
why does the app take 5 minutes to load a single page like its 2005 and im on dial-up,negative,low,technical,why does the app take minutes to load a single page like its and im on dialup
"why is everything loading SO slow rn, pages taking 3+ mins to load and half of them just time out, this is genuinely unusable",negative,high,technical,why is everything loading so slow rn pages taking mins to load and half of them just time out this is genuinely unusable
@help your app just deleted 3 hours of my work and wont let me back in?? i have a presentation in 20 mins im freaking out,negative,high,technical,help your app just deleted hours of my work and wont let me back in i have a presentation in mins im freaking out
"not gonna lie i was lowkey frustrated when the search feature kept timing out but ur team fixed it quick, appreciate it!",positive,medium,technical,not gonna lie i was lowkey frustrated when the search feature kept timing out but ur team fixed it quick appreciate it
"app hasn't crashed once since i updated, whoever did that deserves a raise fr",positive,low,technical,app hasnt crashed once since i updated whoever did that deserves a raise fr
"error message keeps popping up when i try to save my preferences, just says 'something went wrong' very helpful thanks",negative,low,technical,error message keeps popping up when i try to save my preferences just says something went wrong very helpful thanks
the dark mode toggle literally does nothing now?? been like this for 3 days and its driving me insane,negative,medium,technical,the dark mode toggle literally does nothing now been like this for days and its driving me insane
"ok I'm shaking rn bc I thought I lost everything when the app crashed mid-transaction but ur support team saved me INSTANTLY, you guys are incredible!!",positive,high,technical,ok im shaking rn bc i thought i lost everything when the app crashed midtransaction but ur support team saved me instantly you guys are incredible
"your app keeps crashing every time i try to open my inbox, this is getting really old 😤",negative,medium,technical,your app keeps crashing every time i try to open my inbox this is getting really old
"the dark mode keeps switching back to light mode every time i restart the app, small thing but its driving me insane",negative,low,technical,the dark mode keeps switching back to light mode every time i restart the app small thing but its driving me insane
"getting a 404 when i click on my saved items page, been happening on and off this week",neutral,low,technical,getting a when i click on my saved items page been happening on and off this week
"hey the error message that kept popping up on login finally stopped appearing, appreciate it!",positive,low,technical,hey the error message that kept popping up on login finally stopped appearing appreciate it
why does the dashboard take so long to refresh?? feels like im back on dial-up internet fr,negative,medium,technical,why does the dashboard take so long to refresh feels like im back on dialup internet fr
"just realized the freezing on the home screen is gone after the update, didn't even have to reach out — nice work!",positive,medium,technical,just realized the freezing on the home screen is gone after the update didnt even have to reach out nice work
"hey just wanted to say the app is loading SO much faster after that patch, huge difference!",positive,medium,technical,hey just wanted to say the app is loading so much faster after that patch huge difference
"volume controls in the video player don't seem to respond on the first click, need to click twice",neutral,low,technical,volume controls in the video player dont seem to respond on the first click need to click twice
"the sync feature stopped working completely, all my data from today is just gone — is there a fix for this",neutral,high,technical,the sync feature stopped working completely all my data from today is just gone is there a fix for this
randomly opened the app expecting the usual crash on login and... it just worked?? love to see it,positive,low,technical,randomly opened the app expecting the usual crash on login and it just worked love to see it
the app kept booting me out mid-session and i had live users on rn but u fixed it so fast im actually emotional lol,positive,high,technical,the app kept booting me out midsession and i had live users on rn but u fixed it so fast im actually emotional lol
"shoutout to whoever patched the image loading bug, photos are coming in crisp and fast now 😭👏",positive,low,technical,shoutout to whoever patched the image loading bug photos are coming in crisp and fast now
"getting an 'unable to sync' error every time i try to upload files, been happening since yesterday. what's the workaround rn?",neutral,medium,technical,getting an unable to sync error every time i try to upload files been happening since yesterday whats the workaround rn
"the autosave thing doesn't appear to be working, had to retype stuff a couple times now",neutral,low,technical,the autosave thing doesnt appear to be working had to retype stuff a couple times now
"@support your chrome extension stopped working after todays update, throws a JS error on load — i use this constantly for work",neutral,high,technical,support your chrome extension stopped working after todays update throws a js error on load i use this constantly for work
"thanku for pushing that hotfix immediately, slow load times were killing my conversions and u didnt waste a single minute",positive,high,technical,thanku for pushing that hotfix immediately slow load times were killing my conversions and u didnt waste a single minute
"shoutout to whoever patched the image upload bug, was a minor annoyance but glad its gone now ✨",positive,low,technical,shoutout to whoever patched the image upload bug was a minor annoyance but glad its gone now
"the filter options keep resetting every time i leave the page, been dealing w this all week",negative,medium,technical,the filter options keep resetting every time i leave the page been dealing w this all week
"the payment processing is completely broken on my end, customers are trying to buy and its failing every single time, im losing money rn",negative,high,technical,the payment processing is completely broken on my end customers are trying to buy and its failing every single time im losing money rn
the graph on the dashboard looks a bit off — numbers don't match what's in the data table below it,neutral,low,technical,the graph on the dashboard looks a bit off numbers dont match whats in the data table below it
"@support password reset emails arent coming through, tried 3 times, checked spam — i cannot get into my account at all",neutral,high,technical,support password reset emails arent coming through tried times checked spam i cannot get into my account at all
just realized the notification bug got fixed at some point?? whoever did that deserves a snack lol,positive,low,technical,just realized the notification bug got fixed at some point whoever did that deserves a snack lol
"ur latest update completely broke the export function and i have reports due to my boss in 30 mins, plz tell me theres a fix",negative,high,technical,ur latest update completely broke the export function and i have reports due to my boss in mins plz tell me theres a fix
"@support the camera integration stopped working after i updated, just shows a blank viewfinder now",neutral,medium,technical,support the camera integration stopped working after i updated just shows a blank viewfinder now
"had that weird error code popping up every time i saved a file — support knew exactly what it was and sorted it fast, thx!",positive,medium,technical,had that weird error code popping up every time i saved a file support knew exactly what it was and sorted it fast thx
"the search bar doesn't seem to be pulling up results anymore, just spins for a bit then stops",neutral,low,technical,the search bar doesnt seem to be pulling up results anymore just spins for a bit then stops
@support my app keeps crashing EVERY time i try to checkout and i'm losing sales RIGHT NOW please fix this immediately,negative,high,technical,support my app keeps crashing every time i try to checkout and im losing sales right now please fix this immediately
the app works fine but the web version keeps logging me out randomly throughout the day,neutral,low,technical,the app works fine but the web version keeps logging me out randomly throughout the day
"getting a 'something went wrong' error when i try to export my data, any idea what that means?",neutral,low,technical,getting a something went wrong error when i try to export my data any idea what that means
"omg ur team finally fixed the infinite loading thing on my dashboard?? been bugging me for weeks and now it just WORKS, genuinely impressed ngl",positive,medium,technical,omg ur team finally fixed the infinite loading thing on my dashboard been bugging me for weeks and now it just works genuinely impressed ngl
"hey the feature that kept crashing when i hit save is working fine now, no rush just wanted u to know!",positive,low,technical,hey the feature that kept crashing when i hit save is working fine now no rush just wanted u to know
"@support getting error code 502 whenever i try to log in from my laptop, works fine on phone tho",neutral,medium,technical,support getting error code whenever i try to log in from my laptop works fine on phone tho
"the app was lagging SO bad during my commute but after the update it's running clean again, thx!",positive,medium,technical,the app was lagging so bad during my commute but after the update its running clean again thx
"just got a notification that someone logged into my account from another country and now i cant get in myself, PLEASE help me this is urgent",negative,high,technical,just got a notification that someone logged into my account from another country and now i cant get in myself please help me this is urgent
"just got a security alert about unusual login activity on my acct but i cant access the security settings page, keeps erroring out",neutral,high,technical,just got a security alert about unusual login activity on my acct but i cant access the security settings page keeps erroring out
so the app just corrupted my database and now throws a critical error every time i open it. gonna need u to fix this like RIGHT NOW,negative,high,technical,so the app just corrupted my database and now throws a critical error every time i open it gonna need u to fix this like right now
wasn't expecting a fix so quick but the infinite spinner is gone now and I'm so relieved lol,positive,medium,technical,wasnt expecting a fix so quick but the infinite spinner is gone now and im so relieved lol
@support my app keeps crashing every time i try to checkout and i have a order i NEED to place today wtf is going on fix this NOW,negative,high,technical,support my app keeps crashing every time i try to checkout and i have a order i need to place today wtf is going on fix this now
"@help my entire dashboard wont load, just spinning forever, i have a client presentation in 30 min and i need this fixed ASAP",negative,high,technical,help my entire dashboard wont load just spinning forever i have a client presentation in min and i need this fixed asap
"i've restarted, reinstalled, cleared cache and still getting a blank white screen when i open the app this is unacceptable",negative,high,technical,ive restarted reinstalled cleared cache and still getting a blank white screen when i open the app this is unacceptable
"i cannot believe how fast u resolved the server timeout issue, i had clients waiting and u came thru 🙌",positive,high,technical,i cannot believe how fast u resolved the server timeout issue i had clients waiting and u came thru
"yall really quietly fixed the slow scrolling huh? noticed it this week, big improvement tbh",positive,low,technical,yall really quietly fixed the slow scrolling huh noticed it this week big improvement tbh
"hey, the export feature hasn't been working for me — just wondering if that's a known issue",neutral,low,technical,hey the export feature hasnt been working for me just wondering if thats a known issue
"lowkey impressed how fast u guys pushed a fix for the image loading bug, was starting to affect my workflow but all good now!",positive,medium,technical,lowkey impressed how fast u guys pushed a fix for the image loading bug was starting to affect my workflow but all good now
"the desktop version seems a bit laggy compared to a few weeks ago, anything change on your end?",neutral,low,technical,the desktop version seems a bit laggy compared to a few weeks ago anything change on your end
just got off chat with support and they fixed the crashing issue that was killing my workflow — actually impressed by how fast that was,positive,high,technical,just got off chat with support and they fixed the crashing issue that was killing my workflow actually impressed by how fast that was
sync hasnt worked in 6 hours and now my files are conflicting and possibly corrupted — this is urgent someone pick up the phone,negative,high,technical,sync hasnt worked in hours and now my files are conflicting and possibly corrupted this is urgent someone pick up the phone
"omg the loading issue is GONE after I reinstalled, u guys are legends fr",positive,medium,technical,omg the loading issue is gone after i reinstalled u guys are legends fr
"hey @support the app keeps freezing on the home screen after the latest update, anyone else getting this or just me?",neutral,medium,technical,hey support the app keeps freezing on the home screen after the latest update anyone else getting this or just me
"your app keeps crashing every time i try to open my messages, this is getting SO old 😤",negative,medium,technical,your app keeps crashing every time i try to open my messages this is getting so old
"the image upload feature is completely broken btw, been like this since ur last update 🙃",negative,low,technical,the image upload feature is completely broken btw been like this since ur last update
"your app has been crashing every time i try to open it for like the past week, super annoying",negative,low,technical,your app has been crashing every time i try to open it for like the past week super annoying
"your app keeps freezing every time i try to open my messages, this is like the 3rd time today 🙄",negative,medium,technical,your app keeps freezing every time i try to open my messages this is like the rd time today
getting 'authentication failed' error on loop and now im locked out completely?? my whole team is blocked from working,negative,high,technical,getting authentication failed error on loop and now im locked out completely my whole team is blocked from working
"@support getting error code 503 whenever i try to process a payment, transactions are just failing and i need this resolved now",neutral,high,technical,support getting error code whenever i try to process a payment transactions are just failing and i need this resolved now
"why is the login completely broken?? tried 5 times, cleared cache, restarted my phone and still cant get in. i have a meeting in 30 min and everything is on here",negative,high,technical,why is the login completely broken tried times cleared cache restarted my phone and still cant get in i have a meeting in min and everything is on here
"idk what magic you did in the backend but the lag is basically gone, app feels brand new",positive,low,technical,idk what magic you did in the backend but the lag is basically gone app feels brand new
been putting up with the laggy scroll for ages and ur latest update actually fixed it — didn't think it would lol,positive,medium,technical,been putting up with the laggy scroll for ages and ur latest update actually fixed it didnt think it would lol
"ok whoever fixed that sync error on my account deserves a raise, i was one step away from canceling and now everything works perfectly",positive,high,technical,ok whoever fixed that sync error on my account deserves a raise i was one step away from canceling and now everything works perfectly
"my account page just shows a spinning loader and never actually loads, been like this since yesterday",neutral,medium,technical,my account page just shows a spinning loader and never actually loads been like this since yesterday
"just wanted to drop in and say the fix for the image upload bug worked perfectly, no more failed uploads!",positive,medium,technical,just wanted to drop in and say the fix for the image upload bug worked perfectly no more failed uploads
logging in takes forever now and half the time it just boots me back to the login screen. what is going on,negative,medium,technical,logging in takes forever now and half the time it just boots me back to the login screen what is going on
"crash crash crash, every single time i open the app it crashes on startup, updated it twice still broken, i need this for work TODAY",negative,high,technical,crash crash crash every single time i open the app it crashes on startup updated it twice still broken i need this for work today
"ur support got my 2FA working again right when i needed access most, genuinely thought i was cooked 😭 thank you!!",positive,high,technical,ur support got my fa working again right when i needed access most genuinely thought i was cooked thank you
"the autofill stopped working in the checkout form, have to type everything manually now",neutral,low,technical,the autofill stopped working in the checkout form have to type everything manually now
"slow performance was killing me a few weeks back but the latest version fixed it completely, love u guys",positive,low,technical,slow performance was killing me a few weeks back but the latest version fixed it completely love u guys
"used to get that random error 500 page like twice a day, haven't seen it in weeks now, thx!",positive,low,technical,used to get that random error page like twice a day havent seen it in weeks now thx
"just noticed the slow scroll bug is finally gone, idk what u changed but keep doing it lol, way better experience",positive,medium,technical,just noticed the slow scroll bug is finally gone idk what u changed but keep doing it lol way better experience
"ur servers are down and i have a deadline in an hour, been trying for 45 mins to load my project — NOBODY is responding to tickets either",negative,high,technical,ur servers are down and i have a deadline in an hour been trying for mins to load my project nobody is responding to tickets either
"can't seem to load my dashboard at all on android, just spins forever. works fine on desktop tho",neutral,medium,technical,cant seem to load my dashboard at all on android just spins forever works fine on desktop tho
"just a lil appreciation tweet — search results load instantly now, used to take ages, huge W",positive,low,technical,just a lil appreciation tweet search results load instantly now used to take ages huge w
"slow load times were messing up my whole workflow but whatever u changed this week helped a lot, appreciate it",positive,medium,technical,slow load times were messing up my whole workflow but whatever u changed this week helped a lot appreciate it
"the filter settings keep resetting every time i close the app, getting kinda old ngl",negative,low,technical,the filter settings keep resetting every time i close the app getting kinda old ngl
"i keep getting 'invalid credentials' error even tho i JUST reset my password, still cant get in, someone please help me",negative,high,technical,i keep getting invalid credentials error even tho i just reset my password still cant get in someone please help me
"fonts are all messed up and overlapping since i updated the app, looks absolutely terrible rn",negative,medium,technical,fonts are all messed up and overlapping since i updated the app looks absolutely terrible rn
"the dark mode glitch was messing with my daily use but ur update squashed it, already feeling the difference 🙏",positive,medium,technical,the dark mode glitch was messing with my daily use but ur update squashed it already feeling the difference
why does the video player randomly go black mid-stream?? happens like 5 times per session its SO annoying,negative,medium,technical,why does the video player randomly go black midstream happens like times per session its so annoying
"tried using the filter options and they literally do nothing lol, just vibes i suppose",negative,low,technical,tried using the filter options and they literally do nothing lol just vibes i suppose
"the map feature is completely useless rn, wont load any locations no matter how long i wait 🙃",negative,medium,technical,the map feature is completely useless rn wont load any locations no matter how long i wait
"why is everything loading SO slow today, i'm not paying for this to watch a spinning wheel all day",negative,medium,technical,why is everything loading so slow today im not paying for this to watch a spinning wheel all day
"the upload feature is totally broken, just sits at 0% forever, i have files i need to submit by end of day PLEASE someone look at this",negative,high,technical,the upload feature is totally broken just sits at forever i have files i need to submit by end of day please someone look at this
thank u thank u THANK U — app wouldn't load AT ALL during my busiest hours and ur team had it back up so quick 💪,positive,high,technical,thank u thank u thank u app wouldnt load at all during my busiest hours and ur team had it back up so quick
hey @support why does the search bar just freeze up whenever i type more than 2 words lol incredible,negative,medium,technical,hey support why does the search bar just freeze up whenever i type more than words lol incredible
@support your app keeps CRASHING every time i try to checkout and i have a client order due in 20 mins this is literally costing me money FIX IT NOW,negative,high,technical,support your app keeps crashing every time i try to checkout and i have a client order due in mins this is literally costing me money fix it now
"just realized the buffering issues i had last month are completely gone, whatever you changed worked!",positive,low,technical,just realized the buffering issues i had last month are completely gone whatever you changed worked
not me sobbing bc u guys restored my access so fast lol i was deadass about to lose a $5k contract ty ty ty,positive,high,technical,not me sobbing bc u guys restored my access so fast lol i was deadass about to lose a k contract ty ty ty
"my timeline isn't refreshing unless i manually pull down every single time, push updates aren't working",neutral,medium,technical,my timeline isnt refreshing unless i manually pull down every single time push updates arent working
yall know the download button doesnt actually do anything right?? just checking,negative,low,technical,yall know the download button doesnt actually do anything right just checking
"the volume on video playback is super quiet even at max, is there a fix for that?",neutral,low,technical,the volume on video playback is super quiet even at max is there a fix for that
"@support been on hold w/ chat for 90 mins, app still crashes on launch, if this isnt resolved today im canceling my subscription",negative,high,technical,support been on hold w chat for mins app still crashes on launch if this isnt resolved today im canceling my subscription
"@techsupport the 2FA isnt sending the verification code to my phone so i literally cant get in, is this a known bug",neutral,high,technical,techsupport the fa isnt sending the verification code to my phone so i literally cant get in is this a known bug
"the file upload just fails silently every time, no error message, just nothing happens — i have documents that need to go in today",neutral,high,technical,the file upload just fails silently every time no error message just nothing happens i have documents that need to go in today
ur app kept crashing on startup for like 3 days which was pretty annoying ngl but the hotfix u dropped actually works!!,positive,medium,technical,ur app kept crashing on startup for like days which was pretty annoying ngl but the hotfix u dropped actually works
"your app is SO slow on my phone like it takes forever just to scroll through my feed, pretty sure my old flip phone was faster tbh 💀",negative,low,technical,your app is so slow on my phone like it takes forever just to scroll through my feed pretty sure my old flip phone was faster tbh
"the battery drain since your last update is insane btw, my phone dies twice as fast now thx for that",negative,low,technical,the battery drain since your last update is insane btw my phone dies twice as fast now thx for that
"SAVED. i was getting that error 500 on every transaction and thought id lost everything, ty for the quick fix!!",positive,high,technical,saved i was getting that error on every transaction and thought id lost everything ty for the quick fix
"hey, every time i switch between tabs the app reloads from scratch, is that normal behavior?",neutral,low,technical,hey every time i switch between tabs the app reloads from scratch is that normal behavior
"the two-factor auth screen is glitching out and wont accept my code, been locked out for hours now not cool",negative,medium,technical,the twofactor auth screen is glitching out and wont accept my code been locked out for hours now not cool
"notifications just stopped showing up at some point and idk when or why, cool feature though i guess",negative,low,technical,notifications just stopped showing up at some point and idk when or why cool feature though i guess
not sure what u guys did but the app stopped freezing on startup and im genuinely impressed lol,positive,low,technical,not sure what u guys did but the app stopped freezing on startup and im genuinely impressed lol
"omg your latest update actually fixed the login loop i was stuck in for days, THANK YOU 🙌",positive,medium,technical,omg your latest update actually fixed the login loop i was stuck in for days thank you
"the login page just spins forever sometimes and i have to close and reopen the app, mildly annoying",negative,low,technical,the login page just spins forever sometimes and i have to close and reopen the app mildly annoying
"fyi the notification badge count is off, shows 3 unread but inbox is empty",neutral,low,technical,fyi the notification badge count is off shows unread but inbox is empty
why is the login completely broken i have clients waiting and cant get into my account FIX THIS NOW,negative,high,technical,why is the login completely broken i have clients waiting and cant get into my account fix this now
"the error i kept getting when trying to export files is totally gone now, makes my workflow so much easier thx",positive,low,technical,the error i kept getting when trying to export files is totally gone now makes my workflow so much easier thx
"hey the filter options disappeared from my screen after the last update, not sure if that's intentional?",neutral,medium,technical,hey the filter options disappeared from my screen after the last update not sure if thats intentional
"the error message that kept popping up every time i opened settings is gone now, good work team 👏",positive,low,technical,the error message that kept popping up every time i opened settings is gone now good work team
"my feed stopped refreshing automatically at some point, have to manually pull down every time like its 2012",negative,low,technical,my feed stopped refreshing automatically at some point have to manually pull down every time like its
"just noticed the dark mode toggle isn't saving my preference after i close the app, fyi",neutral,low,technical,just noticed the dark mode toggle isnt saving my preference after i close the app fyi
"the auto-save feature stopped working it seems, lost some work twice now bc of it",neutral,medium,technical,the autosave feature stopped working it seems lost some work twice now bc of it
"hey, anyone else getting a weird error code when trying to open the app? just says 'unable to connect' and then closes",neutral,low,technical,hey anyone else getting a weird error code when trying to open the app just says unable to connect and then closes
@support my payment portal has been throwing error 502 all morning and i have invoices due TODAY — what's the status on this?,neutral,high,technical,support my payment portal has been throwing error all morning and i have invoices due today whats the status on this
anyone know why the dark mode keeps reverting back to light mode every time i restart the app,neutral,medium,technical,anyone know why the dark mode keeps reverting back to light mode every time i restart the app
hey just wondering if there's a known issue with the search function? it keeps returning no results even for stuff i know is there,neutral,medium,technical,hey just wondering if theres a known issue with the search function it keeps returning no results even for stuff i know is there
"@support the export button literally does nothing when i click it, no error message or anything",neutral,medium,technical,support the export button literally does nothing when i click it no error message or anything
"the error i kept getting on checkout is just... gone? been working fine for days now, ty!!",positive,low,technical,the error i kept getting on checkout is just gone been working fine for days now ty
"the search feature hasn't been loading results for like 2 days now, just spins forever. anything in the works for a fix?",neutral,medium,technical,the search feature hasnt been loading results for like days now just spins forever anything in the works for a fix
"getting duplicate notifications for every single action, kinda annoying when it happens constantly throughout the day",neutral,medium,technical,getting duplicate notifications for every single action kinda annoying when it happens constantly throughout the day
"hey @support, my app's been loading kinda slow lately — anything on your end?",neutral,low,technical,hey support my apps been loading kinda slow lately anything on your end
password reset link keeps saying 'expired' the second I click it lmaooo what kind of broken system is this,negative,high,account,password reset link keeps saying expired the second i click it lmaooo what kind of broken system is this
ur support team is AMAZING got my access restored just in time i owe u guys,positive,high,account,ur support team is amazing got my access restored just in time i owe u guys
tried changing my email address on my profile and it keeps throwing an error. cool website u got here,negative,low,account,tried changing my email address on my profile and it keeps throwing an error cool website u got here
so the 'forgot password' link literally does nothing when i click it. nothing. just sits there,negative,low,account,so the forgot password link literally does nothing when i click it nothing just sits there
I CANNOT LOG IN. my boss needs this report in an hour and everything is in my account. please someone actually respond,negative,high,account,i cannot log in my boss needs this report in an hour and everything is in my account please someone actually respond
"omg THANK YOU so much for getting me back in so fast, i was literally panicking thinking i'd lost everything in my account 😭🙏",positive,high,account,omg thank you so much for getting me back in so fast i was literally panicking thinking id lost everything in my account
hey so my account just randomly got locked and i have no idea why?? haven't done anything different,negative,medium,account,hey so my account just randomly got locked and i have no idea why havent done anything different
"been trying to reset my password for an hour, account is locked and i have orders i need to process today",neutral,high,account,been trying to reset my password for an hour account is locked and i have orders i need to process today
hey can i change my username or is it locked in once you make it,neutral,low,account,hey can i change my username or is it locked in once you make it
"you guys changed something in your login system and now nothing works the same, my saved password doesn't work anymore",negative,low,account,you guys changed something in your login system and now nothing works the same my saved password doesnt work anymore
been locked out of my account for 3 days now and every reset email just... doesn't work. super cool service you got here,negative,medium,account,been locked out of my account for days now and every reset email just doesnt work super cool service you got here
"the app keeps logging me out immediately and won't let me back in, i have pending transactions to check",neutral,high,account,the app keeps logging me out immediately and wont let me back in i have pending transactions to check
"tried logging in on chrome, firefox, AND my phone — same error every time, it's not on my end",negative,medium,account,tried logging in on chrome firefox and my phone same error every time its not on my end
do i need to verify my email again if i change it or does it just update automatically,neutral,low,account,do i need to verify my email again if i change it or does it just update automatically
been stuck on the password reset screen for days but finally got it working with ur team's help — legends fr,positive,medium,account,been stuck on the password reset screen for days but finally got it working with ur teams help legends fr
"tried 5 times to reset my login, keeps failing at the last step — i have recurring payments that are about to miss",neutral,high,account,tried times to reset my login keeps failing at the last step i have recurring payments that are about to miss
"my account is locked and the unlock email never comes, checked spam too before you ask",negative,low,account,my account is locked and the unlock email never comes checked spam too before you ask
"my account has been suspended for no reason and the appeal form doesn't even work properly, great system you got",negative,low,account,my account has been suspended for no reason and the appeal form doesnt even work properly great system you got
"had a full security scare thinking my login was compromised and ur team handled it SO well and so quick, thank u!!",positive,high,account,had a full security scare thinking my login was compromised and ur team handled it so well and so quick thank u
"can't seem to get back into my account after the recent update, just keeps loading and nothing happens",neutral,medium,account,cant seem to get back into my account after the recent update just keeps loading and nothing happens
why does it keep saying my email doesn't exist when i literally use this account every week??,negative,medium,account,why does it keep saying my email doesnt exist when i literally use this account every week
"just wanted to say the password reset thing worked perfectly, super easy process tysm 😊",positive,low,account,just wanted to say the password reset thing worked perfectly super easy process tysm
the two-factor auth code isn't coming through to my phone so I'm basically stuck outside my account rn,neutral,medium,account,the twofactor auth code isnt coming through to my phone so im basically stuck outside my account rn
so i changed my email and now i can't verify anything and i'm basically locked out of my own account cool cool,negative,medium,account,so i changed my email and now i cant verify anything and im basically locked out of my own account cool cool
"just switched my login email and everything carried over perfectly, really impressed tbh",positive,low,account,just switched my login email and everything carried over perfectly really impressed tbh
"shoutout to your support team for fixing my login issue in like 10 mins, i was freaking out thinking someone hacked me",positive,high,account,shoutout to your support team for fixing my login issue in like mins i was freaking out thinking someone hacked me
"finally updated my email on my account and it was way easier than i expected, good job guys",positive,low,account,finally updated my email on my account and it was way easier than i expected good job guys
"been trying to get into my account since 6am it is now almost midnight, this is absolutely unacceptable @support",negative,high,account,been trying to get into my account since am it is now almost midnight this is absolutely unacceptable support
"my profile pic and display name randomly reverted to default, logged in fine but everything's been reset",neutral,medium,account,my profile pic and display name randomly reverted to default logged in fine but everythings been reset
"locked out and there's charges on here I didn't make, every minute u don't respond is another minute I'm losing money",negative,high,account,locked out and theres charges on here i didnt make every minute u dont respond is another minute im losing money
"ok i didn't expect that to work so fast but WOW ur support is actually incredible, back in my account and so relieved",positive,high,account,ok i didnt expect that to work so fast but wow ur support is actually incredible back in my account and so relieved
been trying to change my username for a few days but the option just doesn't seem to be there anymore?,neutral,medium,account,been trying to change my username for a few days but the option just doesnt seem to be there anymore
"didn't think i'd get help this quick but my account access issue is sorted now, genuinely impressed",positive,medium,account,didnt think id get help this quick but my account access issue is sorted now genuinely impressed
seriously considering cancelling everything if i can't get into my account in the next hour. three days of this is enough,negative,high,account,seriously considering cancelling everything if i cant get into my account in the next hour three days of this is enough
"my display name changed randomly and i didn't do it, just wanted to flag that",neutral,low,account,my display name changed randomly and i didnt do it just wanted to flag that
locked out of my account and there's an unauthorized charge showing — need someone to look at this NOW,neutral,high,account,locked out of my account and theres an unauthorized charge showing need someone to look at this now
"hey just wanted to say the password reset process was super smooth, got back into my account no prob 👍",positive,low,account,hey just wanted to say the password reset process was super smooth got back into my account no prob
"ur 2FA is sending codes to a phone number I don't have anymore and now I'm completely stuck, fix this please omg",negative,high,account,ur fa is sending codes to a phone number i dont have anymore and now im completely stuck fix this please omg
"thank you SO much for the urgent help getting back in, i had payments pending and was spiraling — you're lifesavers fr",positive,high,account,thank you so much for the urgent help getting back in i had payments pending and was spiraling youre lifesavers fr
"every time i try to log in on a new device i have to verify but the email never comes through, useless",negative,medium,account,every time i try to log in on a new device i have to verify but the email never comes through useless
"hey, just wondering how long it usually takes to get a password reset email? been like 20 mins and nothing in my inbox yet",neutral,low,account,hey just wondering how long it usually takes to get a password reset email been like mins and nothing in my inbox yet
"the security question it's asking me doesn't match anything i would've put, is there another way to verify who i am?",neutral,low,account,the security question its asking me doesnt match anything i wouldve put is there another way to verify who i am
do you guys have a way to merge two accounts? ended up making a second one by accident a while back,neutral,low,account,do you guys have a way to merge two accounts ended up making a second one by accident a while back
"why does logging in require me to verify my identity every single time, i have the same device, same wifi, stop 😭",negative,medium,account,why does logging in require me to verify my identity every single time i have the same device same wifi stop
"shoutout to whoever fixed the login page, way easier to get in now 👏",positive,low,account,shoutout to whoever fixed the login page way easier to get in now
tried logging in with google and it just creates a new empty account every time instead of finding mine lol,negative,low,account,tried logging in with google and it just creates a new empty account every time instead of finding mine lol
"been locked out of my acc for like 3 days now and nobody seems to care, really cool customer service guys 🙄",negative,low,account,been locked out of my acc for like days now and nobody seems to care really cool customer service guys
so my old username doesn't work anymore and i'm not sure if i'm typing it wrong or what,neutral,low,account,so my old username doesnt work anymore and im not sure if im typing it wrong or what
"just got back into my account after that nightmare lockout — ur team is seriously the best, so relieved rn 😭✨",positive,high,account,just got back into my account after that nightmare lockout ur team is seriously the best so relieved rn
hey can someone help me figure out how to change the email on my account? can't find the option anywhere in settings,neutral,low,account,hey can someone help me figure out how to change the email on my account cant find the option anywhere in settings
"shoutout to whoever helped me with my email change, smooth process once i knew what to do 👏",positive,medium,account,shoutout to whoever helped me with my email change smooth process once i knew what to do
my account just got suspended for NO reason and I have active orders processing?? this is costing me money every second,negative,high,account,my account just got suspended for no reason and i have active orders processing this is costing me money every second
why does it keep saying my email isn't recognized when i've had this account for TWO YEARS,negative,medium,account,why does it keep saying my email isnt recognized when ive had this account for two years
"just got an email that my password was changed and I didn't do it, I am FREAKING OUT, someone respond please",negative,high,account,just got an email that my password was changed and i didnt do it i am freaking out someone respond please
"my account access was cut off and i'm mid-project with a client who needs invoices sent today, how do i escalate this",neutral,high,account,my account access was cut off and im midproject with a client who needs invoices sent today how do i escalate this
finally got back into my account after the whole locked out situation and ur support team was amazeballs tbh,positive,low,account,finally got back into my account after the whole locked out situation and ur support team was amazeballs tbh
"can someone help me asap — locked out of my account and i think someone else might be in it rn, not trying to freak out but this feels urgent",neutral,high,account,can someone help me asap locked out of my account and i think someone else might be in it rn not trying to freak out but this feels urgent
my account shows my old address and i can't figure out where to update it tbh,neutral,low,account,my account shows my old address and i cant figure out where to update it tbh
"hey @support i changed my email a few days ago and now i can't log in with either the old or new one, lil confused",neutral,medium,account,hey support i changed my email a few days ago and now i cant log in with either the old or new one lil confused
what's the process for recovering an old account if you don't have access to the email anymore,neutral,low,account,whats the process for recovering an old account if you dont have access to the email anymore
it's been 24hrs and my account is still showing as suspended with zero explanation from you guys,negative,medium,account,its been hrs and my account is still showing as suspended with zero explanation from you guys
"thank u THANK U for fixing my password reset, i was panicking bc i couldn't get in and had urgent stuff to do",positive,high,account,thank u thank u for fixing my password reset i was panicking bc i couldnt get in and had urgent stuff to do
your password reset link expired before i even opened my email lol great system you got there,negative,low,account,your password reset link expired before i even opened my email lol great system you got there
"just a lil appreciation tweet bc getting back into my account was so painless today, keep it up!",positive,low,account,just a lil appreciation tweet bc getting back into my account was so painless today keep it up
"can't seem to log in with my old email anymore, think i might've forgotten which one i used to sign up tbh",neutral,low,account,cant seem to log in with my old email anymore think i mightve forgotten which one i used to sign up tbh
"wasn't expecting much but wow u guys actually helped me get back into my account, respect 🙌",positive,medium,account,wasnt expecting much but wow u guys actually helped me get back into my account respect
"tried changing my email address on my profile and it just keeps saying 'error' every single time, super helpful thanks",negative,low,account,tried changing my email address on my profile and it just keeps saying error every single time super helpful thanks
"hey wanted to let you know your password reset emails come through super fast, appreciate that!",positive,low,account,hey wanted to let you know your password reset emails come through super fast appreciate that
"password reset email literally never comes, tried 5 times, checked spam, NOTHING. i need in NOW pls someone help",negative,high,account,password reset email literally never comes tried times checked spam nothing i need in now pls someone help
been DMing u for 12 hours about being locked out and getting copy-paste replies that don't help. im about to dispute everything,negative,high,account,been dming u for hours about being locked out and getting copypaste replies that dont help im about to dispute everything
"someone logged into my account from another country and I can't get back in, why is nobody responding to me rn??",negative,high,account,someone logged into my account from another country and i cant get back in why is nobody responding to me rn
"the 2FA code isn't sending to my phone and i'm completely locked out, need this sorted before 3pm",neutral,high,account,the fa code isnt sending to my phone and im completely locked out need this sorted before pm
"still can't log into my account after THREE days, this is getting ridiculous @support",negative,medium,account,still cant log into my account after three days this is getting ridiculous support
"yo @support I've been locked out for 3 HOURS and I have a meeting in 20 mins that requires access, this is a disaster!!",negative,high,account,yo support ive been locked out for hours and i have a meeting in mins that requires access this is a disaster
i've requested like 5 reset emails and none of them showed up. not one. zero. brilliant system,negative,low,account,ive requested like reset emails and none of them showed up not one zero brilliant system
"wanted to drop by and say my login issues got sorted super fast, ur system is doing great rn 👍",positive,low,account,wanted to drop by and say my login issues got sorted super fast ur system is doing great rn
"logged out randomly and now won't let me back in, no error message or anything just redirects me",neutral,low,account,logged out randomly and now wont let me back in no error message or anything just redirects me
"sent 4 emails, called twice, tweeted three times — still locked out, what do I have to do to get help around here",negative,high,account,sent emails called twice tweeted three times still locked out what do i have to do to get help around here
"the login experience has been really smooth lately, whoever is behind that deserves a raise fr",positive,low,account,the login experience has been really smooth lately whoever is behind that deserves a raise fr
not urgent or anything but my account has been inaccessible for days and nobody seems to care so here i am,negative,low,account,not urgent or anything but my account has been inaccessible for days and nobody seems to care so here i am
been struggling to log in for a few days and just got it fixed — honestly ur support is lowkey really good,positive,medium,account,been struggling to log in for a few days and just got it fixed honestly ur support is lowkey really good
your 2FA is sending codes to a number i don't have anymore and now i'm just... locked out forever i guess,negative,low,account,your fa is sending codes to a number i dont have anymore and now im just locked out forever i guess
"no complaints at all just wanted to say getting access back to my account was easier than expected, ty!",positive,low,account,no complaints at all just wanted to say getting access back to my account was easier than expected ty
"omg the new login experience is SO much better, actually enjoy signing in now lol",positive,low,account,omg the new login experience is so much better actually enjoy signing in now lol
tried to update my login email three times and it's still sending stuff to the old address i can't access anymore,negative,medium,account,tried to update my login email three times and its still sending stuff to the old address i cant access anymore
i can log in fine but my profile info keeps reverting back to old details every time i update it,neutral,medium,account,i can log in fine but my profile info keeps reverting back to old details every time i update it
"the account recovery form says my info 'doesn't match records' but i havent changed ANYTHING. im panicking, someone please help",negative,high,account,the account recovery form says my info doesnt match records but i havent changed anything im panicking someone please help
been locked out since yesterday but finally back in!! ur support agent was super nice about it too,positive,medium,account,been locked out since yesterday but finally back in ur support agent was super nice about it too
"can't log into my account and i have a payment due today, need this fixed asap",neutral,high,account,cant log into my account and i have a payment due today need this fixed asap
the password reset thing sends me an email but the link just goes to a 404 page. nice one,negative,low,account,the password reset thing sends me an email but the link just goes to a page nice one
"reset my password successfully, logged in once, got kicked out, now the new password doesn't work either. impressive",negative,medium,account,reset my password successfully logged in once got kicked out now the new password doesnt work either impressive
"account says it's been flagged for review but nobody emailed me why, i can't log in and need to know what's happening",neutral,high,account,account says its been flagged for review but nobody emailed me why i cant log in and need to know whats happening
"my account shows as suspended but i have no idea why, i have a subscription renewing today",neutral,high,account,my account shows as suspended but i have no idea why i have a subscription renewing today
"the two-factor code expires in like 10 seconds which is not enough time, locked out again thx",negative,medium,account,the twofactor code expires in like seconds which is not enough time locked out again thx
"been trying to get back into my account for 2 hours now, reset link keeps saying 'invalid or expired' — is there another way in bc i genuinely cannot wait on this",neutral,high,account,been trying to get back into my account for hours now reset link keeps saying invalid or expired is there another way in bc i genuinely cannot wait on this
so apparently i have two accounts now bc your signup page glitched and i just want one that actually works,negative,low,account,so apparently i have two accounts now bc your signup page glitched and i just want one that actually works
"not a huge deal but i've been locked out since yesterday, whenever you get a chance",neutral,low,account,not a huge deal but ive been locked out since yesterday whenever you get a chance
"my password reset link keeps saying it's expired but i literally just clicked it lol, any idea what's going on?",neutral,low,account,my password reset link keeps saying its expired but i literally just clicked it lol any idea whats going on
"i think someone's been in my account, changed my password and now i can't get back in, need help now",neutral,high,account,i think someones been in my account changed my password and now i cant get back in need help now
"the 'forgot password' link just takes me back to the homepage, is that a known issue rn?",neutral,low,account,the forgot password link just takes me back to the homepage is that a known issue rn
"hey, password reset email still hasn't shown up after like 20 mins, checked spam already — can you look into it?",neutral,medium,account,hey password reset email still hasnt shown up after like mins checked spam already can you look into it
"FINALLY back in my account!! thank u thank u thank u, i thought i was gonna lose all my data 😭❤️",positive,high,account,finally back in my account thank u thank u thank u i thought i was gonna lose all my data
"been trying to get back into my account for days, not a huge deal but also fix ur stuff pls",negative,low,account,been trying to get back into my account for days not a huge deal but also fix ur stuff pls
so i've been locked out since yesterday and every time i request a reset link it just... doesn't work?? cool system u got there 🙄,negative,medium,account,so ive been locked out since yesterday and every time i request a reset link it just doesnt work cool system u got there
"I have two accounts and I'm trying to merge them or at least access the older one, not sure how to do that",neutral,medium,account,i have two accounts and im trying to merge them or at least access the older one not sure how to do that
still can't log into my account after like 3 days lol great service guys 🙃,negative,low,account,still cant log into my account after like days lol great service guys
@support i've been locked out of my account for 3 HOURS and your password reset emails aren't even coming through?? i have transactions pending rn this is insane,negative,high,account,support ive been locked out of my account for hours and your password reset emails arent even coming through i have transactions pending rn this is insane
"your password reset link literally expired before i even clicked it, how is that possible??",negative,medium,account,your password reset link literally expired before i even clicked it how is that possible
"still a lil annoying that i got locked out but your rep was super helpful getting it fixed, ty!",positive,medium,account,still a lil annoying that i got locked out but your rep was super helpful getting it fixed ty
"my linked email is one I can't access anymore and I need to update it, what info do you need from me?",neutral,medium,account,my linked email is one i cant access anymore and i need to update it what info do you need from me
"got locked out mid-day which was annoying af but ur support sorted it out fast, big thanks!",positive,medium,account,got locked out midday which was annoying af but ur support sorted it out fast big thanks
"can't log in, says my email doesn't exist but I've had this account for 4 YEARS. what did u do to my account??",negative,high,account,cant log in says my email doesnt exist but ive had this account for years what did u do to my account
"not urgent at all but just appreciate that the account stuff is way more user friendly now, big improvement!!",positive,low,account,not urgent at all but just appreciate that the account stuff is way more user friendly now big improvement
"the login page keeps redirecting me back to itself, never actually lets me in — been dealing with this since this morning",neutral,medium,account,the login page keeps redirecting me back to itself never actually lets me in been dealing with this since this morning
"can't log into my account again for the third time this month, honestly getting tired of this",negative,low,account,cant log into my account again for the third time this month honestly getting tired of this
my login just stopped working out of nowhere. didn't change anything. just stopped. cool,negative,low,account,my login just stopped working out of nowhere didnt change anything just stopped cool
"whoever changed my email on my account wasn't me and now I can't get back in AT ALL, this is a security nightmare",negative,high,account,whoever changed my email on my account wasnt me and now i cant get back in at all this is a security nightmare
"shoutout to whoever designed the login page, got back in with zero hassle 😊",positive,low,account,shoutout to whoever designed the login page got back in with zero hassle
"been trying to reset my password for an hour, link keeps saying expired, need access today",neutral,high,account,been trying to reset my password for an hour link keeps saying expired need access today
"every time i try to log in it just spins forever and does nothing, been like this for 2 days",negative,medium,account,every time i try to log in it just spins forever and does nothing been like this for days
"the password reset isn't hitting my inbox or spam and i have a deadline in 2 hours, anyone there",neutral,high,account,the password reset isnt hitting my inbox or spam and i have a deadline in hours anyone there
i've never had support move that fast before omg thank u for getting my login sorted so quick 🥹,positive,high,account,ive never had support move that fast before omg thank u for getting my login sorted so quick
"hi, does the account stay active if i don't log in for a few months? don't want to lose my stuff",neutral,low,account,hi does the account stay active if i dont log in for a few months dont want to lose my stuff
"tried resetting my password 6 times tonight, nothing works, I have an urgent transaction pending and ur system is a joke",negative,high,account,tried resetting my password times tonight nothing works i have an urgent transaction pending and ur system is a joke
"the 'forgot password' link isn't doing anything when i click it, just refreshes the page",neutral,medium,account,the forgot password link isnt doing anything when i click it just refreshes the page
"shoutout to your support for helping me change my login email without any drama, super smooth!",positive,medium,account,shoutout to your support for helping me change my login email without any drama super smooth
reset my password last night and it confirmed it worked but now the new password isn't being accepted either,neutral,medium,account,reset my password last night and it confirmed it worked but now the new password isnt being accepted either
"account says it's 'temporarily suspended' and i have NO idea why, nobody told me anything",negative,medium,account,account says its temporarily suspended and i have no idea why nobody told me anything
"the account help page actually answered all my questions, didn't even need to tweet you lol but wanted to say thanks!",positive,low,account,the account help page actually answered all my questions didnt even need to tweet you lol but wanted to say thanks
"getting a 'account not found' error with my email that's worked for 2 years, need this sorted today",neutral,high,account,getting a account not found error with my email thats worked for years need this sorted today
"tried resetting my password but the new one won't save, keeps throwing an error",neutral,low,account,tried resetting my password but the new one wont save keeps throwing an error
"why is your account recovery taking 72 hours, do u understand what 'urgent' means?? I need in NOW",negative,high,account,why is your account recovery taking hours do u understand what urgent means i need in now
BLESS YOU for the quick help i thought i was done for fr fr could not get back in at all,positive,high,account,bless you for the quick help i thought i was done for fr fr could not get back in at all
"the fact that u fixed my account access this fast after i was panicking all morning is actually wild, great job fr",positive,high,account,the fact that u fixed my account access this fast after i was panicking all morning is actually wild great job fr
"my email was changed on my account and i didn't do it — i can't get back in, is this a security breach",neutral,high,account,my email was changed on my account and i didnt do it i cant get back in is this a security breach
"the email verification thing was glitching but support figured it out, didn't take too long either 👍",positive,medium,account,the email verification thing was glitching but support figured it out didnt take too long either
ok i was frustrated but the rep helped me get my access back and now im happy again lol thanks,positive,medium,account,ok i was frustrated but the rep helped me get my access back and now im happy again lol thanks
"not gonna lie i was frustrated about my login not working but ur team handled it so well, all fixed now 👏",positive,medium,account,not gonna lie i was frustrated about my login not working but ur team handled it so well all fixed now
"the account unlock process was quick and painless, honestly impressed ngl",positive,low,account,the account unlock process was quick and painless honestly impressed ngl
"whoever helped me change my login email today deserves a raise, that was so smooth and easy, thank u!!",positive,medium,account,whoever helped me change my login email today deserves a raise that was so smooth and easy thank u
"the password reset was being weird all day but your support fixed it rly quickly, happy now lol",positive,medium,account,the password reset was being weird all day but your support fixed it rly quickly happy now lol
"my password reset email just never shows up, like i've tried 3 times now lol",neutral,low,account,my password reset email just never shows up like ive tried times now lol
hey can you tell me what email is associated with my account? i think i signed up with an old one i don't have access to anymore,neutral,medium,account,hey can you tell me what email is associated with my account i think i signed up with an old one i dont have access to anymore
hey @support just wanted to say thanks for helping me get back into my account after that lockout yesterday — was super stressed but ur team sorted it fast 🙌,positive,medium,account,hey support just wanted to say thanks for helping me get back into my account after that lockout yesterday was super stressed but ur team sorted it fast
"lowkey impressed by how simple the account recovery was, didnt expect it to go that well lol 😂",positive,low,account,lowkey impressed by how simple the account recovery was didnt expect it to go that well lol
"hey just wanted to say the password reset actually worked this time, super smooth process appreciate it 🙌",positive,medium,account,hey just wanted to say the password reset actually worked this time super smooth process appreciate it
"my username changed randomly and now i can't find my account when i search for it, still logged in on my phone tho",neutral,medium,account,my username changed randomly and now i cant find my account when i search for it still logged in on my phone tho
"locked out after too many login attempts apparently, how long does it take before i can try again or do i need to contact someone?",neutral,medium,account,locked out after too many login attempts apparently how long does it take before i can try again or do i need to contact someone
"verification email never arrived, resent it three times now — using gmail if that matters",neutral,medium,account,verification email never arrived resent it three times now using gmail if that matters
"just wanna say ur support came thru for me today, been locked out all week and now its finally fixed, tysm!!",positive,medium,account,just wanna say ur support came thru for me today been locked out all week and now its finally fixed tysm
ok so i've been locked out for like 2 days but ur chat support just walked me thru it and im back in!! tysm,positive,medium,account,ok so ive been locked out for like days but ur chat support just walked me thru it and im back in tysm
"can't log into my account since yesterday, keeps saying invalid credentials but i haven't changed anything",neutral,medium,account,cant log into my account since yesterday keeps saying invalid credentials but i havent changed anything
"just curious if deleted accounts can be recovered, asking for a friend who may have clicked the wrong button",neutral,low,account,just curious if deleted accounts can be recovered asking for a friend who may have clicked the wrong button
"ok i was lowkey stressed about not being able to log in but ur support just sorted it out so easily, thanks so much!!",positive,medium,account,ok i was lowkey stressed about not being able to log in but ur support just sorted it out so easily thanks so much
"reset link expired before i could click it and now i'm stuck, got bills due today that need this account",neutral,high,account,reset link expired before i could click it and now im stuck got bills due today that need this account
the 'forgot password' thing just loops me back to the same page over and over. broken. completely broken. help me NOW,negative,high,account,the forgot password thing just loops me back to the same page over and over broken completely broken help me now
my account access has been a lil nightmare this week but just got it all sorted with ur help — genuinely grateful!!,positive,medium,account,my account access has been a lil nightmare this week but just got it all sorted with ur help genuinely grateful
sent two support tickets about my locked account and crickets... absolute silence from you guys,negative,low,account,sent two support tickets about my locked account and crickets absolute silence from you guys
"emergency resolved!! was locked out and losing money every minute but ur team came thru fast as hell, grateful 🙏",positive,high,account,emergency resolved was locked out and losing money every minute but ur team came thru fast as hell grateful
why is my account suddenly showing as 'deactivated'?? i never asked for that and i cant reactivate it no matter what i try,negative,high,account,why is my account suddenly showing as deactivated i never asked for that and i cant reactivate it no matter what i try
"the recovery codes I saved aren't working so I can't get past the 2FA screen, need some help here",neutral,medium,account,the recovery codes i saved arent working so i cant get past the fa screen need some help here
"locked out of my account and there's a charge i need to dispute before midnight, any help?",neutral,high,account,locked out of my account and theres a charge i need to dispute before midnight any help
"finally got back into my account after like 3 days, thanks for the quick help!! 🙌",positive,medium,account,finally got back into my account after like days thanks for the quick help
"genuinely didn't think anyone would respond that fast but u guys got me back in before my meeting, THANK YOU",positive,high,account,genuinely didnt think anyone would respond that fast but u guys got me back in before my meeting thank you
"ok i was fully freaking out about being locked out but ur agent sorted it SO fast, absolute legends",positive,high,account,ok i was fully freaking out about being locked out but ur agent sorted it so fast absolute legends
"tried updating my email address on the account but it just keeps spinning and never saves, any idea whats going on?",neutral,medium,account,tried updating my email address on the account but it just keeps spinning and never saves any idea whats going on
"my account's been asking me to verify my identity every single time i log in, bit annoying tbh, any way to fix that?",neutral,low,account,my accounts been asking me to verify my identity every single time i log in bit annoying tbh any way to fix that
my account's been locked for days and the reset link expired before i even saw it smh,negative,low,account,my accounts been locked for days and the reset link expired before i even saw it smh
"got a new email address and want to update it on here, the instructions in the help center seem outdated",neutral,low,account,got a new email address and want to update it on here the instructions in the help center seem outdated
"my account got deactivated out of nowhere and i have client funds sitting in there, what's the process to fix this",neutral,high,account,my account got deactivated out of nowhere and i have client funds sitting in there whats the process to fix this
"i was losing my MIND trying to get back in and ur rep fixed it in minutes, genuinely impressed thank you!!",positive,high,account,i was losing my mind trying to get back in and ur rep fixed it in minutes genuinely impressed thank you
"just got back into my acc after months of being locked out lmaooo ur team was so helpful tho, 10/10",positive,low,account,just got back into my acc after months of being locked out lmaooo ur team was so helpful tho
"locked out of my account and the verification code you send never works the first time, sometimes not even the 5th time",negative,medium,account,locked out of my account and the verification code you send never works the first time sometimes not even the th time
"the 2FA on my account was being weird and blocking me out but u guys sorted it quick, thanks a ton 😊",positive,medium,account,the fa on my account was being weird and blocking me out but u guys sorted it quick thanks a ton
"just switched phones and now it won't let me log into the app, works fine on desktop tho",neutral,low,account,just switched phones and now it wont let me log into the app works fine on desktop tho
"reset link says it was sent but nothing in my inbox or spam, tried 3 times now, need in ASAP",neutral,high,account,reset link says it was sent but nothing in my inbox or spam tried times now need in asap
"my account got locked after i tried logging in a few times, i have time-sensitive stuff in there",neutral,high,account,my account got locked after i tried logging in a few times i have timesensitive stuff in there
"couldn't get into my account since monday but just got it resolved, honestly impressed with how fast u helped",positive,medium,account,couldnt get into my account since monday but just got it resolved honestly impressed with how fast u helped
the email change on my account finally went through!! took a lil bit but ur team was so helpful thru the whole thing,positive,medium,account,the email change on my account finally went through took a lil bit but ur team was so helpful thru the whole thing
"omg the email change feature actually works great now, happy customer over here lol",positive,low,account,omg the email change feature actually works great now happy customer over here lol
"just a lil shoutout — had some trouble logging in last week but the fix worked perfectly, ty!!",positive,low,account,just a lil shoutout had some trouble logging in last week but the fix worked perfectly ty
why is two-factor sending codes to an old number i can't change because i can't log in first 😤,negative,medium,account,why is twofactor sending codes to an old number i cant change because i cant log in first
"my login just stopped working out of nowhere, i have an order that needs to be managed today",neutral,high,account,my login just stopped working out of nowhere i have an order that needs to be managed today
i was locked out and losing my mind but ur team fixed it within minutes — genuinely impressed 💪,positive,high,account,i was locked out and losing my mind but ur team fixed it within minutes genuinely impressed
"just got back into my account after ages and the whole process was so smooth, thanks!",positive,low,account,just got back into my account after ages and the whole process was so smooth thanks
ok so the password reset was being annoying ALL morning but i figured it out w/ ur help and honestly ur support chat is lowkey amazing ty,positive,medium,account,ok so the password reset was being annoying all morning but i figured it out w ur help and honestly ur support chat is lowkey amazing ty
"hey just a lil appreciation post bc ur help desk got me back into my locked account SO fast, didn't expect that tbh",positive,medium,account,hey just a lil appreciation post bc ur help desk got me back into my locked account so fast didnt expect that tbh
"your login page just keeps refreshing and not actually letting me in, been going on since yesterday",negative,medium,account,your login page just keeps refreshing and not actually letting me in been going on since yesterday
"my account got flagged or something and now i can't log in at all, have funds sitting in there i need",neutral,high,account,my account got flagged or something and now i cant log in at all have funds sitting in there i need
"logged in fine yesterday but today it's saying my email isn't recognized, didn't change anything so kinda confused",neutral,low,account,logged in fine yesterday but today its saying my email isnt recognized didnt change anything so kinda confused
"my 2FA code keeps saying invalid every time i try to log in, been dealing with this for a couple days now",neutral,medium,account,my fa code keeps saying invalid every time i try to log in been dealing with this for a couple days now
"password reset link expired before i even clicked it, now i gotta request another one that'll probably also expire immediately",negative,low,account,password reset link expired before i even clicked it now i gotta request another one thatll probably also expire immediately
locked out of my account and there's an UNAUTHORIZED charge showing — i need someone to actually pick up this case rn,negative,high,account,locked out of my account and theres an unauthorized charge showing i need someone to actually pick up this case rn
my account got locked and the unlock email never came. no rush but like... eventually would be nice,negative,low,account,my account got locked and the unlock email never came no rush but like eventually would be nice
"been locked out since yesterday which was annoying but ur support fixed it in like 10 mins, actually impressed ngl",positive,medium,account,been locked out since yesterday which was annoying but ur support fixed it in like mins actually impressed ngl
thanks for helping me get my password reset working!! it kept failing before but all good now 😊,positive,medium,account,thanks for helping me get my password reset working it kept failing before but all good now
y'all really came through!! was completely locked out and thought i'd have to cancel everything but u fixed it quick 🙌,positive,high,account,yall really came through was completely locked out and thought id have to cancel everything but u fixed it quick
"was literally shaking trying to get back in bc i had urgent stuff to do and ur support just handled it perfectly, ty!!",positive,high,account,was literally shaking trying to get back in bc i had urgent stuff to do and ur support just handled it perfectly ty
"i changed my email last week and now i literally can't access anything, none of the recovery options work for the old address",negative,high,account,i changed my email last week and now i literally cant access anything none of the recovery options work for the old address
tried to update my email address on my profile but it's asking me to verify the old one which I don't have access to anymore,neutral,medium,account,tried to update my email address on my profile but its asking me to verify the old one which i dont have access to anymore
someone changed my password and I can't get back in — pretty sure I've been hacked and ur support just keeps sending me in circles,negative,high,account,someone changed my password and i cant get back in pretty sure ive been hacked and ur support just keeps sending me in circles
"been locked out for almost two weeks, not in a rush but like... any day now would be nice",negative,low,account,been locked out for almost two weeks not in a rush but like any day now would be nice
is there a way to change my username? couldn't find the option anywhere in settings,neutral,low,account,is there a way to change my username couldnt find the option anywhere in settings
"my old account got merged with some random person's and now i can't access anything properly, not great",negative,low,account,my old account got merged with some random persons and now i cant access anything properly not great
been trying to update my email for two weeks now and it just loops back to the same error page lol,negative,low,account,been trying to update my email for two weeks now and it just loops back to the same error page lol
"the app keeps saying my password is wrong even tho i copy-pasted it, changed it twice already and same thing",neutral,low,account,the app keeps saying my password is wrong even tho i copypasted it changed it twice already and same thing
hey do you guys support signing in with google? can't seem to find that option,neutral,low,account,hey do you guys support signing in with google cant seem to find that option
"the whole 2FA setup on my account is actually really slick, feels way more secure now and easy to use too",positive,low,account,the whole fa setup on my account is actually really slick feels way more secure now and easy to use too
"my account says it's locked after too many attempts but i only tried twice lol, how do i get it unlocked?",neutral,medium,account,my account says its locked after too many attempts but i only tried twice lol how do i get it unlocked
can't get into my account and your 'forgot password' flow is completely broken on mobile btw,negative,medium,account,cant get into my account and your forgot password flow is completely broken on mobile btw
"got a notice that my account was temporarily suspended but no reason why, just trying to figure out what happened",neutral,medium,account,got a notice that my account was temporarily suspended but no reason why just trying to figure out what happened
THANK YOU for getting me back in so fast omg i was literally panicking about losing everything 😭🙏,positive,high,account,thank you for getting me back in so fast omg i was literally panicking about losing everything
"my account shows i'm still on the free plan but i upgraded like two weeks ago, just want to make sure it went through",neutral,low,account,my account shows im still on the free plan but i upgraded like two weeks ago just want to make sure it went through
"ok ur support rep just helped me reset my password after it stopped working and im genuinely so relieved lol, thank u",positive,medium,account,ok ur support rep just helped me reset my password after it stopped working and im genuinely so relieved lol thank u
"my account shows as suspended but I genuinely have no idea why, can someone look into it?",neutral,medium,account,my account shows as suspended but i genuinely have no idea why can someone look into it
"I'm literally shaking rn someone unauthorized got into my account and your support line just hangs up on me, HELP",negative,high,account,im literally shaking rn someone unauthorized got into my account and your support line just hangs up on me help
"account showing as suspended but i haven't violated anything, i have a payment going out today pls help",neutral,high,account,account showing as suspended but i havent violated anything i have a payment going out today pls help
"can't access my account since yesterday and i think someone else might be in it, how do i check",neutral,high,account,cant access my account since yesterday and i think someone else might be in it how do i check
"yo this is a SERIOUS problem — someone changed my login email and now i literally cannot get back into my account, feels like i got hacked pls respond ASAP",negative,high,account,yo this is a serious problem someone changed my login email and now i literally cannot get back into my account feels like i got hacked pls respond asap
my username suddenly says it doesn't exist but i have emails from you guys addressed to it lmao what,negative,medium,account,my username suddenly says it doesnt exist but i have emails from you guys addressed to it lmao what
"the whole locked out situation was stressing me out but ur team handled it great, feeling much better now",positive,medium,account,the whole locked out situation was stressing me out but ur team handled it great feeling much better now
"hey my password reset email hasn't shown up in like 20 mins, checked spam too — any idea what's going on?",neutral,medium,account,hey my password reset email hasnt shown up in like mins checked spam too any idea whats going on
"can't remember if i signed up with my gmail or my work email lol, is there a way to look that up?",neutral,low,account,cant remember if i signed up with my gmail or my work email lol is there a way to look that up
i was fully convinced my account was gone forever but ur support got me back in like instantly?? love u guys,positive,high,account,i was fully convinced my account was gone forever but ur support got me back in like instantly love u guys
y'all really gonna make me submit a ticket just to get back into my OWN account lmao,negative,medium,account,yall really gonna make me submit a ticket just to get back into my own account lmao
"why does your site keep saying my password is wrong when i KNOW it's right, just reset it and same thing happens",negative,medium,account,why does your site keep saying my password is wrong when i know its right just reset it and same thing happens
"big thanks for making the account access stuff so straightforward, didn't have to contact support or anything 🙌",positive,low,account,big thanks for making the account access stuff so straightforward didnt have to contact support or anything
trying to merge two accounts i have and can't figure out if that's even possible or how to do it,neutral,medium,account,trying to merge two accounts i have and cant figure out if thats even possible or how to do it
"just wanted to say thanks for sorting out my account access issue, was driving me crazy but all good now!!",positive,medium,account,just wanted to say thanks for sorting out my account access issue was driving me crazy but all good now
tried logging in on a new device and it keeps saying my credentials are wrong even tho i'm pretty sure they're right,neutral,low,account,tried logging in on a new device and it keeps saying my credentials are wrong even tho im pretty sure theyre right
just a heads up the login page on mobile looks a bit off and the submit button doesn't always respond,neutral,low,account,just a heads up the login page on mobile looks a bit off and the submit button doesnt always respond
"can't access my account since the update dropped, great job breaking something that was working fine",negative,medium,account,cant access my account since the update dropped great job breaking something that was working fine
"whoever helped me recover my account just now deserves a raise fr, i was spiraling and they were so fast 🙌",positive,high,account,whoever helped me recover my account just now deserves a raise fr i was spiraling and they were so fast
"email change request is blocking me from accessing my account entirely, need someone to look at this",neutral,high,account,email change request is blocking me from accessing my account entirely need someone to look at this
can someone actually help me get back into my account instead of sending me in circles with your help docs,negative,medium,account,can someone actually help me get back into my account instead of sending me in circles with your help docs
"noticed my profile pic disappeared after the last update, everything else seems fine just that one thing",neutral,low,account,noticed my profile pic disappeared after the last update everything else seems fine just that one thing
your password reset emails just... don't arrive? checked spam too before u say it,negative,low,account,your password reset emails just dont arrive checked spam too before u say it
your app keeps saying my password is wrong but i copy-pasted it directly from my notes so no i didn't mistype it,negative,medium,account,your app keeps saying my password is wrong but i copypasted it directly from my notes so no i didnt mistype it
"hey just wanted to say thanks for sorting out my login issue so fast, didn't expect that tbh",positive,medium,account,hey just wanted to say thanks for sorting out my login issue so fast didnt expect that tbh
has anyone else had issues where the login page just... doesn't load? asking for myself,neutral,low,account,has anyone else had issues where the login page just doesnt load asking for myself
"tried changing my login email last week but still getting stuff sent to the old one, is there a delay or something?",neutral,low,account,tried changing my login email last week but still getting stuff sent to the old one is there a delay or something
"i need someone to help me RIGHT NOW my account is locked and i'm supposed to make a payment in like 20 mins, been waiting on support for an hour with zero response this is ridiculous",negative,high,account,i need someone to help me right now my account is locked and im supposed to make a payment in like mins been waiting on support for an hour with zero response this is ridiculous
my account got hacked and ur telling me to wait 3-5 business days?? are you KIDDING me right now,negative,high,account,my account got hacked and ur telling me to wait business days are you kidding me right now
just got my access back after being completely locked out all morning — ur team is honestly the best no cap,positive,high,account,just got my access back after being completely locked out all morning ur team is honestly the best no cap
"so i just can't log in anymore? cool cool cool, nobody gonna help with that or",negative,low,account,so i just cant log in anymore cool cool cool nobody gonna help with that or
"yo why is my password reset email taking FOREVER to show up, been waiting 20 mins and i need to get in my account 😤",negative,medium,account,yo why is my password reset email taking forever to show up been waiting mins and i need to get in my account
"was completely locked out and freaking out abt my billing stuff but ur team handled it SO quick, impressed ngl",positive,high,account,was completely locked out and freaking out abt my billing stuff but ur team handled it so quick impressed ngl
thanks for helping me update my login email!! took a bit but the team was so patient with me,positive,medium,account,thanks for helping me update my login email took a bit but the team was so patient with me
was totally blocked out and thought i'd have to make a whole new account but ur team fixed it!! absolute legends 🎉,positive,high,account,was totally blocked out and thought id have to make a whole new account but ur team fixed it absolute legends
"seriously cannot believe ur login page keeps rejecting my password when i JUST changed it like 10 mins ago, this is so annoying",negative,medium,account,seriously cannot believe ur login page keeps rejecting my password when i just changed it like mins ago this is so annoying
still can't get back into my account after the verification email you sent me straight up doesn't work,negative,low,account,still cant get back into my account after the verification email you sent me straight up doesnt work
shoutout to whoever helped me reset my login just now — i was in full panic mode and u came thru!!,positive,high,account,shoutout to whoever helped me reset my login just now i was in full panic mode and u came thru
"just wanna say the help i got resetting my password was actually really solid, kudos to ur team",positive,medium,account,just wanna say the help i got resetting my password was actually really solid kudos to ur team
is there a way to merge two accounts? i accidentally made two with different emails,neutral,low,account,is there a way to merge two accounts i accidentally made two with different emails
"can't access my account and support hasn't responded to my ticket from 4 days ago, super helpful thx",negative,low,account,cant access my account and support hasnt responded to my ticket from days ago super helpful thx
"asking for a security question answer i never set up, pretty sure i never had that enabled on my account",neutral,medium,account,asking for a security question answer i never set up pretty sure i never had that enabled on my account
"tried updating my phone number on the account but it keeps saying the number is already in use, i've had this number for years tho",neutral,low,account,tried updating my phone number on the account but it keeps saying the number is already in use ive had this number for years tho
"getting a 'account not found' error when i try to sign in but i definitely have an account, been using it for months",neutral,medium,account,getting a account not found error when i try to sign in but i definitely have an account been using it for months
"hey just saying the email update on my account went through without any issues, ur system is working well rn!",positive,low,account,hey just saying the email update on my account went through without any issues ur system is working well rn
"omg THANK YOU for unlocking my account so fast, i was literally panicking bc i couldn't get in for hours!!",positive,high,account,omg thank you for unlocking my account so fast i was literally panicking bc i couldnt get in for hours
"ok ur customer support just went above and beyond getting me back in FAST when i was fully locked out, super impressed 🙌",positive,high,account,ok ur customer support just went above and beyond getting me back in fast when i was fully locked out super impressed
finally back in after being locked out for like two days and honestly the help i got was really solid — didn't expect it to be resolved that quick ngl,positive,medium,account,finally back in after being locked out for like two days and honestly the help i got was really solid didnt expect it to be resolved that quick ngl
not being able to log in for days while paying for a subscription is genuinely unacceptable @support,negative,medium,account,not being able to log in for days while paying for a subscription is genuinely unacceptable support
"two-factor auth code isn't being sent to my phone anymore, been waiting about 30 mins",neutral,medium,account,twofactor auth code isnt being sent to my phone anymore been waiting about mins
"hey the 'forgot password' option just takes me to a blank page, not sure if that's a bug on your end",neutral,medium,account,hey the forgot password option just takes me to a blank page not sure if thats a bug on your end
"been locked out since yesterday and nobody has gotten back to me, super helpful guys 🙄",negative,medium,account,been locked out since yesterday and nobody has gotten back to me super helpful guys
just wanna say THANK YOU for unlocking my account so quickly i was about to lose a client bc of this,positive,high,account,just wanna say thank you for unlocking my account so quickly i was about to lose a client bc of this
honestly so annoying that i have to make a whole new account just bc i forgot my password and the reset thing never works,negative,low,account,honestly so annoying that i have to make a whole new account just bc i forgot my password and the reset thing never works
"got locked out this morning but your team got me back in within the hour, appreciate it fr",positive,medium,account,got locked out this morning but your team got me back in within the hour appreciate it fr
"I swear if I lose everything in my account bc ur reset system is broken I am disputing every single charge, FIX THIS",negative,high,account,i swear if i lose everything in my account bc ur reset system is broken i am disputing every single charge fix this
verification code goes to an old number i don't have anymore and now i'm completely locked out,neutral,high,account,verification code goes to an old number i dont have anymore and now im completely locked out
"@support pls I'm begging u, been locked out since yesterday and I have subscriptions being charged to a card I can't access or cancel",negative,high,account,support pls im begging u been locked out since yesterday and i have subscriptions being charged to a card i cant access or cancel
"hey so i have two accounts from years ago and want to merge them if possible, who do i talk to about that?",neutral,low,account,hey so i have two accounts from years ago and want to merge them if possible who do i talk to about that
"can't log in and the reset email never shows up in my inbox, checked spam too before you ask",negative,medium,account,cant log in and the reset email never shows up in my inbox checked spam too before you ask
"not in a rush or anything but wanted to mention the new login flow is SO much better, good job 😄",positive,low,account,not in a rush or anything but wanted to mention the new login flow is so much better good job
my whole team is locked out of our shared account and we have a deadline in 2hrs. this is absolutely unacceptable @support,negative,high,account,my whole team is locked out of our shared account and we have a deadline in hrs this is absolutely unacceptable support
y'all are amazing fr — got locked out right before a huge payment was due and ur support team got me back in within minutes!!,positive,high,account,yall are amazing fr got locked out right before a huge payment was due and ur support team got me back in within minutes
ur verification texts aren't coming through and I'm stuck outside my account with real money sitting in there. FIX THIS,negative,high,account,ur verification texts arent coming through and im stuck outside my account with real money sitting in there fix this
